구,주유소명,주소,전화번호,상표,고급휘발유,휘발유,경유,실내등유,셀프,세차장,충전소,경정비,편의점,24시영업
강남구,(유)동하석유 힐탑셀프주유소,서울 강남구 논현로 640,02-544-4075,SK에너지,"2,027","1,797","1,727",,Y,Y,N,N,N,Y
강남구,(주)만정에너지 삼보주유소,서울 강남구 봉은사로 433 (삼성동),02-518-5141,GS칼텍스,"2,838","2,598","2,560","1,850",N,Y,N,N,N,N
강남구,(주)보성 세곡주유소,서울 강남구  헌릉로 731 (세곡동),02-445-6870,SK에너지,,"1,655","1,553",,Y,Y,N,N,N,N
강남구,(주)선진도곡주유소,서울 강남구 도곡로 162 (도곡동),02-2058-3024,S-OIL,"1,869","1,739","1,635",,N,Y,N,Y,N,N
강남구,(주)소모 쎈트럴주유소,서울 강남구 삼성로 335,02-565-0267,GS칼텍스,"2,385","2,195","2,086","1,650",N,Y,N,N,N,N
강남구,(주)제이제이네트웍스 제이제이주유소,서울 강남구 언주로 716,02-518-5631,HD현대오일뱅크,"2,850","2,580","2,430",,N,Y,N,N,N,Y
강남구,(주)중앙에너비스 수서지점,서울 강남구 광평로 202 (수서동),070-8707-4582,SK에너지,"1,987","1,757","1,657",,Y,Y,N,N,N,N
강남구,HD현대오일뱅크㈜직영 도곡셀프주유소,서울 강남구  남부순환로 2718 (도곡2동),02-529-5101,HD현대오일뱅크,"1,804","1,689","1,589",,Y,Y,N,Y,N,N
강남구,HD현대오일뱅크㈜직영 산성셀프주유소,서울 강남구 헌릉로 730,02-2226-4963,HD현대오일뱅크,"1,859","1,665","1,565",,Y,Y,N,N,N,N
강남구,HD현대오일뱅크㈜직영 신사현대주유소,서울 강남구 도산대로 163 (신사동),02-546-2182,HD현대오일뱅크,"2,265","1,948","1,884",,N,Y,N,N,N,N
강남구,HD현대오일뱅크㈜직영 유진주유소,서울 강남구 논현로 152 (도곡동),02-3462-5215,HD현대오일뱅크,"1,819","1,699","1,604","1,570",N,Y,N,Y,N,N
강남구,HD현대오일뱅크㈜직영 한양주유소,서울 강남구 압구정로 302 (신사동),02-3444-0804,HD현대오일뱅크,"2,375","2,173","2,096",,N,Y,N,N,N,N
강남구,SK논현주유소,서울 강남구 논현로 747 (논현동),02-511-0955,SK에너지,"2,690","2,450","2,295","1,798",N,Y,N,Y,N,Y
강남구,SK서광주유소,서울 강남구 역삼로 142,02-562-4855,SK에너지,"1,890","1,735","1,615",,Y,Y,N,Y,N,Y
강남구,SK에너지㈜ 진달래주유소,서울 강남구 도곡로 208,02-3462-0018,SK에너지,"1,899","1,759","1,665",,N,Y,N,N,N,N
강남구,㈜새서울석유 새서울주유소,서울 강남구 압구정로 154,02-543-1154,HD현대오일뱅크,"2,397","2,198","1,998",,N,Y,N,N,N,Y
강남구,극동유화㈜ 개나리주유소,서울 강남구 언주로 423 (역삼동),02-564-0186,S-OIL,"1,875","1,685","1,595",,Y,Y,N,Y,N,Y
강남구,대교셀프주유소,서울 강남구 강남대로 640 (신사동),02-512-5521,SK에너지,"1,990","1,740","1,680",,Y,N,N,N,N,Y
강남구,대동석유 압구정주유소,서울 강남구 언주로 842 (신사동),02-545-6161,SK에너지,"2,027","1,797","1,737",,Y,Y,N,N,N,Y
강남구,대성석유(주)동호주유소,서울 강남구 봉은사로113길 51,02-545-0720,GS칼텍스,"2,091","1,999","1,892",,N,Y,N,N,N,N
강남구,대청주유소,서울 강남구 개포로 654 (일원동),02-445-5500,SK에너지,"2,489","2,195","2,086","1,846",N,Y,N,N,N,N
강남구,명품주유소,서울 강남구 도곡로 249 (역삼동),02-501-1256,S-OIL,"2,297","2,178","2,067",,Y,Y,N,N,N,Y
강남구,방죽주유소,서울 강남구 밤고개로 215 (율현동),02-459-3434,GS칼텍스,,"1,687","1,589",,Y,Y,N,N,N,N
강남구,삼성동주유소,서울 강남구 테헤란로 619 (삼성동),02-508-6572,HD현대오일뱅크,"1,935","1,725","1,625",,Y,Y,N,N,N,N
강남구,세진에너지(주) 개포주유소,서울 강남구 양재대로 339,02-573-9031,GS칼텍스,"2,255","1,888","1,778","1,650",Y,Y,N,N,N,N
강남구,오일프러스 셀프,서울 강남구 남부순환로 2651 (도곡동),02-3462-5100,SK에너지,"1,855","1,675","1,595",,Y,Y,N,Y,N,Y
강남구,일원주유소,서울 강남구 양재대로55길 3 (일원동),02-2226-5188,S-OIL,,"1,729","1,628",,Y,N,N,N,N,N
강남구,자곡셀프주유소,서울 강남구 밤고개로 120 (자곡동),02-445-5841,SK에너지,,"1,698","1,597",,Y,Y,N,N,N,N
강남구,지에스칼텍스(주)학여울주유소,서울 강남구 남부순환로 3170 (일원2동),02-459-8829,GS칼텍스,"2,299","2,089","2,015",,N,Y,N,N,N,N
강남구,지에스칼텍스㈜ 삼성로주유소,서울 강남구 삼성로 563 (삼성동),02-538-5138,GS칼텍스,"2,139","1,959","1,909",,Y,Y,N,N,N,Y
강남구,지에스칼텍스㈜ 은마주유소,서울 강남구 영동대로 235,02-3452-1882,GS칼텍스,"2,159","1,979","1,929",,N,Y,N,Y,N,Y
강남구,지에스칼텍스㈜에너지플러스허브GS타워,서울 강남구 논현로 516 (역삼동),02-539-5145,GS칼텍스,"1,989","1,789","1,749",,Y,N,N,Y,N,Y
강동구,(주)삼표에너지 고덕주유소,서울 강동구 고덕로 39 (암사동),02-441-3327,GS칼텍스,"1,895","1,695","1,595","1,599",Y,Y,N,N,Y,N
강동구,(주)소모 성내주유소,서울 강동구 올림픽로 578 (성내동),02-479-3838,GS칼텍스,,"1,768","1,668",,Y,Y,N,Y,N,N
강동구,(주)소모 신월주유소,서울 강동구 양재대로 1323 (성내동),02-6956-6674,GS칼텍스,"1,896","1,696","1,598","1,590",Y,Y,N,N,N,N
강동구,(주)퍼스트오일 코알라주유소,서울특별시 강동구  올림픽로 556 (성내동),02-484-1162,S-OIL,,"1,750","1,650",,Y,Y,N,N,N,N
강동구,sk해뜨는주유소,서울 강동구  상일로 132 (강일동),02-442-7801,SK에너지,"1,929","1,699","1,609","1,600",Y,Y,N,Y,N,N
강동구,광성주유소,서울 강동구 올림픽로 673 (천호동),02-470-5133,S-OIL,,"1,968","1,858","1,800",N,Y,N,Y,N,Y
강동구,구천면주유소,서울 강동구 구천면로 357 (암사동),02-441-0536,HD현대오일뱅크,,"1,654","1,565",,N,N,N,N,N,N
강동구,대성석유(주)길동주유소,서울 강동구 천호대로 1168,02-474-7222,GS칼텍스,"1,895","1,696","1,598","1,500",N,Y,N,N,N,N
강동구,명일주유소,서울 강동구 고덕로 168 (명일동),02-3428-1739,SK에너지,"1,925","1,715","1,615",,Y,N,N,N,N,N
강동구,방아다리주유소,서울 강동구 동남로 811 (명일동),02-442-5145,SK에너지,,"1,665","1,575","1,500",Y,Y,N,N,N,N
강동구,재건에너지 재정제2주유소 고속셀프지점,서울특별시 강동구  천호대로 1246 (둔촌제2동),02-487-2030,HD현대오일뱅크,,"1,649","1,549",,Y,Y,N,N,N,N
강동구,주)지유에너지직영 오렌지주유소,서울 강동구 성안로 102 (성내동),02-484-6165,SK에너지,"1,894","1,734","1,634",,N,Y,N,Y,N,N
강동구,지에스칼텍스㈜ 동서울주유소,서울 강동구 천호대로 1456 (상일동),02-426-5372,GS칼텍스,"1,969","1,799","1,729",,Y,Y,N,N,N,N
강동구,천호현대주유소,서울 강동구 천중로 67 (천호동),02-484-9323,HD현대오일뱅크,,"1,843","1,743",,N,Y,N,Y,N,N
강북구,(주)서울에너지 시민주유소,서울 강북구 인수봉로 185 (수유동),02-907-9496,HD현대오일뱅크,"1,829","1,599","1,504",,Y,N,N,N,N,N
강북구,(주)석산에너지,서울 강북구 삼양로 316 (수유동),02-980-1448,HD현대오일뱅크,,"1,599","1,504","1,400",Y,N,N,N,N,N
강북구,HD현대오일뱅크㈜직영 번동셀프주유소,서울 강북구 한천로 963 (번동),02-992-3331,HD현대오일뱅크,"1,879","1,627","1,537",,Y,Y,N,Y,N,Y
강북구,SK에너지(주) 매일주유소,서울 강북구 삼양로 217 (미아동),02-982-8855,SK에너지,,"1,609","1,514",,Y,Y,N,N,Y,N
강북구,㈜지에스이앤알 미아주유소,서울 강북구 도봉로 122 (미아동),02-987-5152,GS칼텍스,"1,899","1,637","1,537",,Y,Y,N,N,N,N
강북구,대성석유(주)신광주유소,서울 강북구 삼양로 484,02-908-3320,GS칼텍스,,"1,629","1,539","1,450",N,Y,N,Y,N,N
강북구,덕릉로주유소,서울 강북구 덕릉로 158 (번동),02-989-9806,S-OIL,,"1,625","1,529",,Y,Y,N,N,N,N
강북구,북서울고속주유소,서울 강북구 삼양로 410 (수유동),02-907-5182,SK에너지,"1,819","1,599","1,504",,Y,N,N,N,N,Y
강북구,세원주유소,서울 강북구 한천로 918 (번동),02-907-6890,SK에너지,,"1,638","1,538","1,420",Y,Y,N,N,N,N
강북구,수유동주유소,서울 강북구 도봉로 395 (수유동),02-902-9470,GS칼텍스,,"1,599","1,504",,Y,Y,N,N,N,Y
강북구,씨앤에스유통㈜ 미아셀프주유소,서울 강북구 도봉로 200 (미아동),02-945-7999,S-OIL,,"1,645","1,545",,Y,Y,N,N,N,N
강북구,에덴주유소,서울 강북구 월계로 195 (번동),02-987-8182,SK에너지,,"1,645","1,545",,Y,Y,N,Y,N,N
강서구,(주)타이거오일 방화주유소,서울 강서구 방화동로 58-2 (방화동),02-2662-0503,SK에너지,,"1,623","1,523","1,600",Y,N,N,N,N,N
강서구,(주)한진 김포공항제2주유소,서울 강서구 하늘길 112,02-2661-8892,S-OIL,,"1,714","1,624",,Y,N,N,N,N,N
강서구,(주)한진 김포공항주유소,서울 강서구 하늘길 259,02-2662-0422,S-OIL,,"1,650","1,560","1,600",Y,Y,N,N,N,N
강서구,HD현대오일뱅크㈜직영 가양주유소,서울 강서구  양천로 391 (가양동),02-3661-9470,HD현대오일뱅크,"1,909","1,699","1,629",,N,Y,N,N,N,N
강서구,HD현대오일뱅크㈜직영 양화교셀프주유소,서울 강서구 공항대로 653,02-3665-2004,HD현대오일뱅크,"1,889","1,669","1,584","1,539",Y,Y,N,N,N,N
강서구,KH에너지(주)직영 KH외발산주유소,서울 강서구 방화대로 30,032-677-9497,SK에너지,"1,955","1,635","1,535",,Y,Y,Y,Y,Y,N
강서구,SK KH에너지 가양주유소,서울 강서구 강서로 498 (가양동),02-3664-6051,SK에너지,"1,958","1,698","1,638",,N,Y,N,Y,Y,Y
강서구,강서열린주유소,서울 강서구 등촌로 213 (등촌동),02-2647-9091,GS칼텍스,,"1,638","1,548","1,600",N,Y,N,N,N,N
강서구,강서오곡셀프주유소,서울 강서구 벌말로 254 (오곡동),032-671-5186,SK에너지,,"1,611","1,493",,Y,Y,N,N,N,Y
강서구,개화주유소,서울 강서구 양천로 57,02-2661-5555,SK에너지,,"1,677","1,577",,Y,Y,N,N,N,N
강서구,뉴신정주유소,서울 강서구 곰달래로 207 (화곡동),02-2606-1149,알뜰주유소,,"1,619","1,519",,N,N,N,Y,N,N
강서구,대성석유(주) 관문주유소,서울 강서구 공항대로 314,02-3665-2051,GS칼텍스,"1,916","1,678","1,598","1,500",N,Y,N,Y,N,N
강서구,대성석유(주) 마곡대성주유소,서울 강서구 강서로 457,02-3664-7781,GS칼텍스,"1,916","1,676","1,618",,Y,N,N,N,N,N
강서구,대성석유(주)방화대성주유소,서울 강서구 양천로 176,02-3663-7781,GS칼텍스,"1,916","1,676","1,598",,Y,Y,N,N,Y,N
강서구,대성주유소,서울 강서구 강서로 472,02-3661-6102,GS칼텍스,"1,918","1,698","1,638",,N,Y,N,Y,N,N
강서구,목화주유소,서울 강서구 국회대로 251 (화곡동),02-2654-4564,알뜰주유소,,"1,619","1,519",,Y,Y,N,N,N,N
강서구,박물관주유소,서울 강서구 양천로53길 97 (가양동),02-3665-5189,GS칼텍스,"1,898","1,748","1,668",,N,Y,N,Y,Y,N
강서구,세원제1주유소,서울 강서구 양천로 311 (가양동),02-3663-5151,SK에너지,,"1,688","1,628",,Y,Y,N,Y,N,N
강서구,스카이주유소,서울 강서구 개화동로 457 (방화동),02-2663-5146,S-OIL,"1,865","1,635","1,537",,Y,Y,N,N,Y,Y
강서구,신화곡주유소,서울 강서구 국회대로 71,02-2611-3161,S-OIL,,"1,685","1,595",,Y,Y,N,N,N,N
강서구,염창동주유소,서울 강서구 양천로 720 (염창동),02-3664-4134,SK에너지,,"1,935","1,860",,N,Y,N,N,N,N
강서구,오션네트웍스(주) 서울식물원지점,서울 강서구 양천로 300,02-3661-8829,SK에너지,"1,865","1,658","1,578",,Y,N,N,N,N,N
강서구,우장산주유소,서울 강서구 강서로 292 (내발산동),02-3664-7163,SK에너지,"1,895","1,675","1,598",,Y,N,N,N,N,N
강서구,유턴주유소,서울 강서구 남부순환로 57,02-2665-5047,알뜰주유소,,"1,609","1,519","1,450",Y,N,N,N,N,N
강서구,이케이에너지(주) 강서주유소,서울 강서구 화곡로 273 (화곡동),02-2699-5219,HD현대오일뱅크,,"1,593","1,495",,Y,Y,N,Y,N,N
강서구,지에스칼텍스㈜ 경인고속주유소,서울 강서구 국회대로 225 (화곡동),02-2608-5151,GS칼텍스,"1,819","1,619","1,519","1,600",Y,Y,Y,Y,N,Y
강서구,참솔에너지,서울 강서구 벌말로 281 (오곡동),070-8844-8282,S-OIL,,"1,865","1,765",,Y,Y,N,N,N,N
강서구,코리나(주)청룡주유소,서울 강서구 양천로 576,02-3661-1575,SK에너지,,"1,768","1,668","1,600",N,Y,N,N,N,N
강서구,하이웨이주유소,서울특별시 강서구 공항대로 432(화곡동),02-2605-4000,S-OIL,"1,798","1,648","1,565",,Y,Y,N,N,Y,Y
강서구,행촌에너지 공항주유소,서울 강서구 개화동로 420 (개화동),02-2665-5189,HD현대오일뱅크,,"1,635","1,537",,Y,Y,N,Y,Y,Y
강서구,현대오일뱅크 등촌주유소,서울 강서구 등촌로 189 (등촌동),02-2647-5700,HD현대오일뱅크,,"1,636","1,546",,N,Y,N,N,N,N
강서구,화곡역주유소,서울 강서구 강서로 154 (화곡동),02-2691-5151,알뜰주유소,,"1,593","1,495",,Y,N,N,N,N,Y
강서구,화곡현대주유소,서울 강서구 강서로 151 (화곡동),02-2607-1942,SK에너지,"1,896","1,666","1,586",,Y,Y,N,N,N,Y
관악구,(주)엠오티이엔지 직영 삼화주유소,서울 관악구 보라매로 41,02-889-8929,HD현대오일뱅크,,"1,639","1,539",,N,N,N,N,N,N
관악구,(주)연우에너지 신관주유소,서울 관악구 신림로 290 (신림동),02-871-1356,알뜰주유소,,"1,639","1,539","1,500",Y,Y,N,N,N,N
관악구,(주)한유에너지행운셀프주유소,서울 관악구 남부순환로 1883 (봉천동),02-871-5189,SK에너지,"2,045","1,665","1,565",,Y,Y,N,N,N,N
관악구,CJ대한통운㈜ 신림주유소,서울 관악구 남부순환로 1515 (신림동),02-2632-8612,GS칼텍스,,"1,798","1,698",,N,Y,N,N,N,N
관악구,HD현대오일뱅크㈜직영 관악셀프주유소,서울 관악구 남부순환로 1520 (신림동),02-867-1877,HD현대오일뱅크,"1,989","1,684","1,564",,Y,N,N,N,N,N
관악구,HD현대오일뱅크㈜직영 문성골주유소,서울 관악구 문성로 97 (신림동),02-839-0081,HD현대오일뱅크,,"1,669","1,554","1,500",N,Y,N,N,N,N
관악구,SK에너지(주) 신봉천,서울 관악구 남부순환로 1880 (봉천동),02-885-5189,SK에너지,"1,834","1,679","1,580","1,450",N,Y,N,N,Y,N
관악구,SK에너지(주)직영 대공원주유소,서울 관악구 과천대로 921 (남현동),02-584-2522,SK에너지,"1,834","1,679","1,580",,N,Y,N,Y,Y,N
관악구,관악시몬주유소,서울특별시 관악구 남부순환로 1753 (봉천동),02-874-5185,S-OIL,,"1,735","1,625",,N,Y,N,N,N,N
관악구,대양석유(주)직영 보라매주유소,서울 관악구  보라매로 26 (봉천동),02-882-5189,SK에너지,,"1,654","1,554",,Y,Y,N,N,N,N
관악구,서일석유(주)락성주유소,서울 관악구 남부순환로 1920 (봉천동),02-877-0867,GS칼텍스,"1,845","1,675","1,575","1,450",Y,Y,N,Y,N,Y
관악구,유림주유소,서울 관악구 신림로 176 (신림동),02-887-5145,S-OIL,,"1,688","1,588","1,598",N,Y,N,Y,N,Y
관악구,지에스칼텍스㈜ 난곡주유소,서울 관악구 난곡로 206,02-858-2003,GS칼텍스,,"1,879","1,769",,N,N,N,N,N,N
관악구,현대주유소,서울 관악구 난곡로 108 (신림동),02-851-9200,HD현대오일뱅크,,"1,669","1,569",,N,N,N,N,N,N
광진구,(주)장수주유소,서울 광진구 동일로 266 (군자동),02-498-1981,SK에너지,,"1,617","1,517",,Y,N,N,Y,N,Y
광진구,(주)창원CW,서울 광진구 광나루로 460 (화양동),02-3436-1112,HD현대오일뱅크,,"1,619","1,515",,Y,Y,N,N,N,N
광진구,HD현대오일뱅크㈜직영 능동주유소,서울 광진구 천호대로 584 (능동),02-452-7723,HD현대오일뱅크,"1,875","1,619","1,515","1,490",Y,Y,N,Y,N,Y
광진구,HD현대오일뱅크㈜직영 장호셀프주유소,서울 광진구 자양로 37 (자양동),02-447-9796,HD현대오일뱅크,,"1,628","1,535",,Y,Y,N,Y,N,N
광진구,HD현대오일뱅크㈜직영 중곡현대주유소,서울 광진구 동일로 435 (중곡동),02-497-5151,HD현대오일뱅크,"1,895","1,628","1,529",,Y,Y,N,N,N,N
광진구,HD현대오일뱅크㈜직영 중원셀프주유소,서울 광진구 동일로 398 (중곡동),02-467-2410,HD현대오일뱅크,"1,875","1,628","1,529","1,570",Y,Y,N,N,N,N
광진구,강평주유소 ㈜강평텔레콤,서울 광진구 아차산로 616,02-2201-0736,SK에너지,"2,057","1,848","1,747","1,598",N,Y,N,N,N,N
광진구,대원주유소,서울 광진구 용마산로 122 (중곡동),02-444-1666,S-OIL,,"1,625","1,525",,N,N,N,N,N,N
광진구,삼호주유소,서울 광진구 천호대로 809 (광장동),02-455-7200,S-OIL,"1,977","1,697","1,627",,Y,Y,N,N,N,Y
광진구,용마주유소,서울 광진구 용마산로 68 (중곡동),02-456-1884,GS칼텍스,,"1,625","1,525",,N,N,N,N,N,N
광진구,유니스에너지 자양주유소,서울 광진구 아차산로 298 (자양동),02-457-7600,SK에너지,"1,998","1,748","1,648",,N,Y,N,N,N,N
광진구,정해네트웍스(주)일진주유소,서울 광진구 동일로 413 (중곡동),02-461-5152,S-OIL,"1,847","1,667","1,567",,Y,Y,N,N,N,Y
구로구,(주)서울에너지 궁동주유소,서울 구로구 오리로 1299 (궁동),070-8671-2981,HD현대오일뱅크,"1,799","1,592","1,494",,Y,N,N,N,N,N
구로구,(주)한미석유구로그린주유소,서울 구로구 구로중앙로 76 (구로동),02-861-5189,GS칼텍스,,"1,615","1,525",,Y,Y,N,Y,N,N
구로구,HD현대오일뱅크㈜직영 구로셀프주유소,서울 구로구 시흥대로 531,02-856-1135,HD현대오일뱅크,"1,829","1,684","1,564",,Y,Y,N,Y,N,Y
구로구,HD현대오일뱅크㈜직영 신구로주유소,서울 구로구 가마산로 293 (구로동),02-859-0051,HD현대오일뱅크,"1,875","1,674","1,583",,N,Y,N,N,N,N
구로구,SK구로주유소,서울 구로구 구일로 94 (구로동),02-868-5758,SK에너지,"1,799","1,634","1,534",,N,Y,N,N,N,N
구로구,SK에너지(주)직영 개봉동주유소,서울 구로구 경인로 290 (개봉동),02-2616-5189,SK에너지,,"1,659","1,584","1,560",N,Y,N,N,N,N
구로구,㈜자연에너지 고척주유소,서울 구로구 고척로 199 (고척동),070-8671-3106,HD현대오일뱅크,"1,799","1,592","1,494",,Y,Y,N,N,N,N
구로구,개봉주유소,서울 구로구 고척로 115 (개봉동),02-2618-5145,HD현대오일뱅크,,"1,592","1,494",,Y,Y,N,N,N,N
구로구,구로주유소,서울 구로구 구로동로 137 (구로동),02-857-1251,GS칼텍스,,"2,240","2,140","1,840",N,N,N,N,N,N
구로구,구인주유소,서울 구로구 경인로 558 (구로동),02-2677-5010,SK에너지,,"1,634","1,534","1,650",N,Y,N,Y,Y,N
구로구,극동유화(주) 항동주유소,서울 구로구 서해안로 2154 (항동),02-2611-1113,S-OIL,,"1,619","1,519",,Y,Y,N,N,N,N
구로구,대성산업(주)디큐브주유소,서울 구로구 경인로 650 (신도림동),02-2633-7188,GS칼텍스,"1,819","1,635","1,525",,N,N,N,N,N,Y
구로구,대원셀프주유소,서울 구로구 개봉로 7,02-2612-3880,HD현대오일뱅크,,"1,625","1,525",,Y,Y,N,N,N,N
구로구,동아주유소,서울 구로구 도림로 91 (구로동),02-855-1282,S-OIL,,"1,898","1,698","1,698",N,N,N,N,Y,N
구로구,서서울고속주유소,서울 구로구 경인로 150 (오류동),02-2683-1126,SK에너지,"1,779","1,592","1,494",,Y,Y,N,N,N,Y
구로구,신성주유소,서울 구로구 구로동로 187 (구로제2동),02-866-5189,HD현대오일뱅크,,"1,615","1,525",,Y,Y,N,N,N,N
구로구,씨앤에스유통(주) 구로드림주유소,서울 구로구 경인로 41 (온수동),02-2611-5180,S-OIL,,"1,615","1,515",,Y,Y,N,N,N,N
구로구,영진주유소,서울 구로구 구로동로 20 (가리봉동),02-861-6625,S-OIL,,"1,759","1,659",,N,N,N,N,N,N
금천구,(주)백운주유소,서울 금천구 시흥대로 282 (독산동),02-894-8521,알뜰주유소,,"1,614","1,514","1,500",Y,N,N,N,N,N
금천구,(주)화동유업 화동주유소,서울 금천구 시흥대로 484,02-856-0283,SK에너지,,"1,613","1,513","1,500",Y,Y,N,N,N,N
금천구,HD현대오일뱅크㈜직영 금천현대셀프주유소,서울 금천구 독산로 147 (시흥동),02-891-5189,HD현대오일뱅크,"1,829","1,644","1,539",,Y,Y,N,N,N,N
금천구,SK에너지(주) 박미주유소,서울 금천구 시흥대로 39-7 (시흥동),02-802-6749,SK에너지,"1,825","1,675","1,575","1,500",Y,N,N,N,N,N
금천구,SK에너지(주) 이가주유소,서울 금천구 시흥대로 441,02-861-2241,SK에너지,"1,829","1,675","1,575","1,500",N,Y,N,Y,N,N
금천구,구광주유소,서울 금천구 서부샛길 674 (가산동),02-868-6889,S-OIL,,"1,615","1,515","1,450",N,Y,N,N,N,N
금천구,남서울경복에너지,서울 금천구 독산로 257 (독산동),02-855-9880,HD현대오일뱅크,,"1,675","1,575","1,500",Y,N,N,N,N,N
금천구,대득에너지(금천셀프주유소),서울 금천구  시흥대로 81 (시흥동),02-805-7888,GS칼텍스,"1,815","1,665","1,565",,Y,Y,N,N,Y,Y
금천구,백산주유소,서울특별시 금천구  시흥대로 174 (시흥동),02-807-3161,S-OIL,,"1,685","1,595",,Y,Y,N,Y,N,N
금천구,지에스칼텍스(주)일신주유소,서울 금천구 시흥대로 118,02-896-5145,GS칼텍스,"1,895","1,695","1,595","1,650",Y,Y,N,N,N,N
금천구,현대오일뱅크㈜직영 금천제일주유소,서울 금천구 남부순환로 1410 (독산동),02-859-5426,HD현대오일뱅크,,"1,689","1,569",,N,Y,N,N,N,N
노원구,(주)소모 수락산셀프주유소,서울 노원구 동일로 1772,02-3392-5656,GS칼텍스,,"1,685","1,585","1,600",Y,N,N,N,N,N
노원구,(주)정건에너지직영,서울 노원구 노원로17길 29 (하계동),02-975-1386,HD현대오일뱅크,"1,895","1,625","1,535",,Y,Y,N,N,N,N
노원구,SK에너지㈜직영 상계주유소,서울 노원구 노해로 527 (상계동),02-930-5151,SK에너지,,"1,679","1,579",,N,Y,N,N,N,N
노원구,구도일주유소 불암,서울 노원구 한글비석로 268 (중계동),02-932-6850,S-OIL,,"1,640","1,543",,Y,Y,N,N,N,N
노원구,삼육주유소,서울 노원구 화랑로 822 (공릉동),02-949-3677,SK에너지,,"1,635","1,535","1,500",Y,Y,N,N,N,N
노원구,상계동주유소,서울 노원구 노원로26길 191 (상계동),02-936-5035,HD현대오일뱅크,,"1,660","1,575","1,570",N,N,N,Y,N,N
노원구,성북역주유소,서울 노원구 광운로 95 (월계동),02-919-8141,GS칼텍스,"1,958","1,658","1,558",,N,Y,N,N,N,N
노원구,신성주유소,서울 노원구 월계로 328 (월계동),02-916-4334,S-OIL,,"1,688","1,588",,Y,Y,N,N,N,Y
노원구,월계주유소,서울 노원구 월계로 252 (월계동),02-917-7650,GS칼텍스,"1,949","1,615","1,515",,Y,Y,N,Y,N,N
노원구,이엠석유(주)배꽃나라주유소,서울 노원구 화랑로 466 (공릉1동),02-973-5172,GS칼텍스,"1,925","1,625","1,525",,Y,Y,N,Y,N,N
노원구,태릉솔밭주유소,서울 노원구 노원로 49 (공릉동),02-976-5189,S-OIL,"1,935","1,645","1,555",,Y,Y,N,N,N,Y
노원구,하계삼호주유소,서울 노원구 공릉로 294 (하계동),02-974-8818,GS칼텍스,,"1,755","1,695",,N,N,N,Y,N,N
노원구,한신주유소,서울 노원구 동일로 1089 (공릉동),02-974-5151,S-OIL,"1,930","1,635","1,545","1,600",Y,Y,N,N,N,N
노원구,화랑대주유소,서울 노원구 화랑로 483,02-977-9697,HD현대오일뱅크,"2,070","1,635","1,545","1,600",Y,Y,N,N,N,N
도봉구,(주)쌍문셀프주유소,서울 도봉구 노해로 161 (쌍문동),02-998-9704,HD현대오일뱅크,,"1,619","1,519","1,400",Y,Y,N,Y,N,N
도봉구,(주)자연에너지 햇살주유소,서울 도봉구 방학로 142 (방학동),02-954-4555,HD현대오일뱅크,"1,859","1,599","1,504",,Y,Y,N,N,N,N
도봉구,(주)헨지스에너지 구도일주유소 도봉,서울 도봉구 도봉로 706 (방학동),02-3491-3454,S-OIL,,"1,615","1,515",,Y,Y,N,Y,N,N
도봉구,HD현대오일뱅크㈜직영 영신주유소,서울 도봉구 방학로 151,02-956-5152,HD현대오일뱅크,"2,157","1,727","1,637","1,429",N,Y,N,N,N,N
도봉구,구도일주유소 파크빌,서울 도봉구 해등로3길 86 (창동),02-906-5104,S-OIL,,"1,627","1,527","1,430",Y,N,N,N,N,N
도봉구,극동유화(주) 대안주유소,서울 도봉구 마들로 574 (창동),02-996-6640,S-OIL,,"1,619","1,519",,Y,Y,N,Y,N,N
도봉구,노원교주유소,서울 도봉구 마들로 776 (도봉동),02-956-5189,HD현대오일뱅크,,"1,635","1,535","1,390",Y,Y,N,N,N,N
도봉구,대성산업(주)신창주유소,서울 도봉구 덕릉로 267 (창동),02-905-4441,GS칼텍스,,"1,645","1,545",,Y,Y,N,N,N,Y
도봉구,도봉제일주유소(주)송만에너지,서울 도봉구 도봉로 783 (도봉동),02-955-5185,HD현대오일뱅크,,"1,599","1,504","1,360",N,N,N,N,N,N
도봉구,동일석유(주) 창동주유소,서울 도봉구  도봉로 434 (창동),02-902-5544,SK에너지,,"1,637","1,537",,Y,Y,N,Y,N,N
도봉구,삼미북부셀프주유소,서울 도봉구 도봉로 437 (쌍문동),02-992-5561,SK에너지,,"1,599","1,504",,Y,Y,N,N,N,Y
도봉구,오복주유소,서울 도봉구 방학로 43,02-3494-1500,S-OIL,"2,300","1,659","1,597","1,700",Y,Y,N,N,N,Y
도봉구,이케이에너지 주식회사,서울 도봉구 도봉로 941 (도봉동),02-3494-3641,HD현대오일뱅크,,"1,590","1,495",,Y,Y,N,N,N,N
도봉구,지에스칼텍스㈜ 도봉주유소,서울 도봉구 도봉로 895 (도봉동),02-954-0118,GS칼텍스,"1,859","1,609","1,509","1,375",Y,Y,Y,Y,N,Y
도봉구,지에스칼텍스㈜ 방학동주유소,서울 도봉구 방학로 186,02-3493-5189,GS칼텍스,"1,859","1,609","1,509","1,395",Y,Y,N,N,N,N
도봉구,한이에너지(주) 쌍문주유소,서울 도봉구 도봉로 547 (쌍문동),02-992-0220,S-OIL,,"1,599","1,504",,Y,Y,N,Y,N,Y
동대문구,(주)경동주유소,서울 동대문구 이문로 191 (이문동),02-965-6006,S-OIL,,"1,635","1,535","1,450",Y,Y,N,N,N,N
동대문구,(주)안국에너지 삼원셀프주유소,서울 동대문구 망우로 90 (휘경동),02-2244-1972,SK에너지,,"1,658","1,558","1,360",Y,Y,N,N,N,N
동대문구,(주)자연에너지 국민주유소,서울 동대문구 답십리로 223 (답십리동),02-2216-7155,HD현대오일뱅크,"1,830","1,607","1,507",,Y,N,N,N,N,N
동대문구,(주)파랑에너지,서울 동대문구 망우로 126,02-2242-5145,GS칼텍스,"1,850","1,635","1,535","1,400",Y,Y,N,N,Y,N
동대문구,HD현대오일뱅크㈜직영 스피드주유소,서울 동대문구 천호대로 453 (장안동),02-2216-5151,HD현대오일뱅크,"1,879","1,689","1,559",,N,Y,N,N,N,Y
동대문구,대성산업(주)동마장주유소,서울 동대문구 고산자로 405 (용두동),02-966-5451,GS칼텍스,"1,829","1,628","1,528",,Y,Y,N,Y,N,Y
동대문구,대성산업㈜청량리주유소,서울 동대문구 왕산로 289 (청량리동),02-966-2714,GS칼텍스,,"1,635","1,535",,Y,Y,Y,N,N,Y
동대문구,동서울고속주유소,서울 동대문구 한천로 414,02-969-1144,SK에너지,"1,830","1,607","1,507",,Y,N,N,N,N,Y
동대문구,배봉로주유소,서울 동대문구 서울시립대로 108,02-2242-0556,HD현대오일뱅크,,"1,695","1,595",,Y,Y,N,N,N,N
동대문구,삼미상사(주)장안킹셀프주유소,서울 동대문구  한천로 100 (장안동),02-2242-7115,SK에너지,,"1,714","1,614",,Y,Y,N,N,N,N
동대문구,삼영주유소,서울 동대문구 답십리로 258 (장안동),02-2217-2018,SK에너지,,"1,647","1,547","1,700",N,Y,N,N,N,N
동대문구,열린주유소,서울 동대문구 한천로 263 (휘경동),02-2215-6543,S-OIL,,"1,639","1,539",,N,N,N,N,N,N
동대문구,오동나무주유소,서울 동대문구  한천로 81 (답십리동),02-2247-5132,S-OIL,,"1,718","1,608","1,550",N,N,N,N,N,N
동대문구,재정제2주유소,서울 동대문구 사가정로 90 (전농동),02-2249-6682,HD현대오일뱅크,,"1,617","1,517",,Y,Y,N,N,N,N
동대문구,재정주유소,서울 동대문구 전농로 121 (전농동),070-8256-4617,HD현대오일뱅크,"1,840","1,617","1,517",,Y,Y,N,N,N,N
동대문구,풍한주유소,서울 동대문구 안암로 168,02-924-5189,SK에너지,,"1,605","1,515",,N,Y,N,N,N,Y
동대문구,한영주유소 (한화),서울 동대문구 망우로 38 (휘경동),02-2214-9890,HD현대오일뱅크,,"1,635","1,599","1,490",N,N,N,N,N,N
동대문구,홍능주유소,서울 동대문구 홍릉로 87 (청량리동),02-966-9190,S-OIL,,"1,667","1,577","1,500",N,Y,N,N,N,N
동작구,HD현대오일뱅크㈜직영 동작주유소,서울 동작구 상도로 403 (상도동),02-817-9179,HD현대오일뱅크,"1,859","1,704","1,644",,N,Y,N,N,N,N
동작구,HD현대오일뱅크㈜직영 사당셀프주유소,서울 동작구 동작대로 73 (사당동),02-521-3618,HD현대오일뱅크,"1,989","1,689","1,629",,Y,Y,N,N,N,Y
동작구,HD현대오일뱅크㈜직영 신대방셀프주유소,서울 동작구 시흥대로 616 (신대방동),02-832-7926,HD현대오일뱅크,"1,829","1,689","1,574",,Y,Y,N,Y,N,Y
동작구,HD현대오일뱅크㈜직영 흑석동셀프주유소,서울 동작구 현충로 101 (흑석동),02-815-0724,HD현대오일뱅크,"1,849","1,694","1,639",,Y,Y,N,N,N,Y
동작구,매일주유소,서울 동작구 상도로 139 (상도동),02-817-4085,S-OIL,,"1,699","1,659","1,650",Y,Y,N,N,N,N
동작구,살피재주유소,서울 동작구 상도로 334,02-817-2559,SK에너지,,"1,785","1,695",,N,N,N,N,N,N
동작구,지에스칼텍스(주) 대방주유소,서울 동작구 여의대방로 214,02-826-5145,GS칼텍스,"1,859","1,659","1,559","1,400",N,N,N,N,N,N
동작구,지에스칼텍스㈜직영 남성주유소,서울 동작구 동작대로 135 (사당동),02-532-0606,GS칼텍스,"1,884","1,684","1,629",,Y,N,N,N,N,Y
동작구,창원이엔지주유소,서울 동작구 사당로 59 (상도동),02-825-5151,HD현대오일뱅크,,"1,665","1,585",,Y,Y,N,N,N,N
마포구,(주)만성상사 대흥주유소,서울 마포구 대흥로 61 (대흥동),02-3273-5151,SK에너지,"2,149","1,679","1,609","1,745",N,Y,N,N,N,Y
마포구,(주)안국에너지 망원동주유소,서울 마포구 월드컵로 119 (망원동),02-334-0917,SK에너지,,"1,698","1,598",,N,Y,N,N,N,N
마포구,(주)타이거통상 월드컵주유소,서울 마포구 월드컵북로 170 (성산제2동),070-4121-0021,S-OIL,"1,829","1,579","1,489",,Y,N,N,N,N,N
마포구,SK에너지 양지주유소,서울 마포구 마포대로 69 (도화동),02-706-8955,SK에너지,"1,919","1,719","1,669",,N,N,N,N,Y,Y
마포구,SK에너지(주) 안국주유소,서울 마포구 양화로 33,02-3144-1197,SK에너지,"1,919","1,729","1,679",,N,N,N,N,N,Y
마포구,마포시엠주유소,서울 마포구 월드컵북로 62,02-338-9447,SK에너지,,"1,589","1,499",,N,N,N,N,N,N
마포구,성산대교셀프주유소,서울 마포구 성산로 144,02-323-0078,HD현대오일뱅크,,"1,629","1,549","1,598",Y,Y,N,Y,N,N
마포구,에스에스오토셀프,서울 마포구 서강로 76 (창전동),02-336-5185,HD현대오일뱅크,"2,059","1,669","1,599",,Y,Y,N,N,N,Y
마포구,에쓰오일(주) 염리동주유소,서울 마포구 백범로 126 (염리동),02-3272-5155,S-OIL,,"1,649","1,579",,Y,Y,N,N,N,N
마포구,에쓰오일(주)마포주유소,서울 마포구 마포대로 186 (공덕동),02-711-5189,S-OIL,"1,825","1,645","1,579",,Y,Y,N,N,N,N
마포구,용강주유소,서울 마포구 토정로 258,070-7795-4800,S-OIL,,"1,669","1,599","1,650",N,N,N,N,N,N
마포구,청원주유소,서울 마포구 월드컵북로 113 (성산동),02-325-5533,HD현대오일뱅크,"1,869","1,629","1,549",,Y,Y,N,N,N,N
서대문구,(주)가재울뉴타운주유소,서울 서대문구 모래내로 205,070-8879-7864,HD현대오일뱅크,,"1,623","1,543",,Y,N,N,N,Y,Y
서대문구,(주)미래아스팔트 신우주유소,서울 서대문구 가좌로 106(홍은동),02-304-5522,S-OIL,,"1,623","1,543",,Y,Y,N,Y,N,N
서대문구,(주)안국에너지 삼보셀프주유소,서울 서대문구 연희로 78 (연희동),02-336-6151,SK에너지,"1,858","1,668","1,588",,Y,Y,N,Y,N,N
서대문구,(주)창원이엔지 홍제지점,서울 서대문구 통일로 455 (홍제동),02-379-0753,HD현대오일뱅크,,"1,619","1,539","1,800",N,N,N,N,N,N
서대문구,(주)한화미 구도일주유소 두꺼비,서울 서대문구 성산로 312,02-336-0611,S-OIL,"1,829","1,639","1,543",,Y,Y,N,Y,N,N
서대문구,HD현대오일뱅크㈜직영 독립문주유소,서울 서대문구 통일로 384 (홍제동),02-735-0333,HD현대오일뱅크,"1,948","1,639","1,529",,N,Y,N,N,Y,N
서대문구,HD현대오일뱅크㈜직영 연세주유소,서울 서대문구 연희로 184,02-337-8220,HD현대오일뱅크,"1,834","1,644","1,554",,Y,Y,N,N,N,N
서대문구,㈜우남에너지 문화사랑주유소,서울 서대문구 세검정로 87 (홍제동),02-395-4300,S-OIL,,"1,689","1,629","1,650",Y,Y,N,N,N,N
서대문구,광호주유소,서울 서대문구 연희로 266 (홍은동),02-395-7236,SK에너지,,"1,698","1,618",,N,Y,N,N,N,N
서대문구,남정주유소,서울 서대문구 모래내로 243 (남가좌동),02-305-9828,GS칼텍스,,"1,628","1,548","1,750",N,N,N,N,N,N
서대문구,삼미상사(주)서부주유소,서울 서대문구 성산로 255,02-334-4919,SK에너지,,"1,694","1,614",,Y,Y,N,Y,Y,N
서대문구,연희주유소,서울 서대문구 연희로 129 (연희동 89-7번지),02-338-8045,SK에너지,"1,988","1,698","1,618",,N,Y,N,N,Y,N
서대문구,중앙에너비스 동교지점,서울 서대문구 연희로 12 (창천동),070-8707-4568,SK에너지,"1,968","1,675","1,595",,Y,N,N,N,Y,N
서대문구,지에스칼텍스(주)홍제동주유소,서울 서대문구 통일로 372,02-736-3708,GS칼텍스,"1,849","1,599","1,499",,Y,Y,N,N,N,N
서대문구,행촌제2주유소,서울 서대문구 성산로 490 (대신동),02-365-5189,SK에너지,"1,847","1,659","1,586",,Y,Y,N,N,Y,Y
서초구,(주)대농석유 남태령주유소,서울 서초구 과천대로 838 (방배동),02-587-0895,SK에너지,,"1,665","1,575",,Y,Y,N,N,N,N
서초구,(주)선문에너지 중앙주유소,서울특별시 서초구  바우뫼로 219 (양재1동),02-575-5110,S-OIL,"2,394","2,168","1,989",,N,Y,N,N,N,N
서초구,(주)한미석유 서초주유소,서울 서초구 반포대로 64 (서초동),02-582-5198,GS칼텍스,"1,855","1,655","1,565",,Y,N,N,N,N,N
서초구,HD현대오일뱅크㈜직영 방배현대주유소,서울 서초구 동작대로 182 (방배동),02-534-0051,HD현대오일뱅크,"1,860","1,692","1,620","1,620",N,Y,N,Y,N,N
서초구,HD현대오일뱅크㈜직영 서초제일주유소,서울 서초구 사임당로 116 (서초동),02-587-6080,HD현대오일뱅크,"1,880","1,699","1,651",,N,Y,N,N,N,N
서초구,HD현대오일뱅크㈜직영 양재현대주유소,서울 서초구 마방로 6,02-579-8429,HD현대오일뱅크,"1,819","1,699","1,604","1,570",N,Y,N,N,N,N
서초구,HD현대오일뱅크㈜직영 팔레스주유소,서울 서초구 사평대로 136 (반포동),02-720-0020,HD현대오일뱅크,"1,840","1,670","1,609",,N,N,N,N,N,Y
서초구,극동유화(주) 전당앞주유소,서울 서초구 남부순환로 2391 (서초동),02-6080-0516,S-OIL,"1,865","1,655","1,565",,Y,Y,Y,Y,N,N
서초구,대성산업(주)직영 강남주유소,서울 서초구 반포대로 284 (반포동),02-594-5987,GS칼텍스,"1,838","1,649","1,598",,Y,N,N,N,N,N
서초구,대성산업(주)직영 터미널(고속)주유소,서울 서초구 신반포로 222 (반포동),02-535-3001,GS칼텍스,"1,859","1,695","1,655","1,650",N,Y,N,N,N,Y
서초구,대성석유(주)연일주유소,서울 서초구 남부순환로 2451,02-3471-5151,GS칼텍스,"1,896","1,676","1,595","1,500",N,Y,N,N,Y,N
서초구,대신석유(주)대우주유소,서울 서초구 양재대로 173 (양재동),02-572-0567,SK에너지,,"1,699","1,597",,Y,Y,N,N,Y,Y
서초구,대신석유㈜서원주유소,서울 서초구 반포대로 142 (서초동),02-599-3657,SK에너지,"2,098","1,998","1,898",,N,Y,N,N,N,N
서초구,만남의광장주유소,서울 서초구 양재대로12길 73-71,02-573-7430,알뜰(ex),,"1,589","1,479",,Y,N,Y,N,Y,Y
서초구,말죽거리주유소,서울 서초구 남부순환로 2650 (양재동),02-579-9933,GS칼텍스,,"1,676","1,596","1,650",N,N,N,N,N,N
서초구,반포그린주유소,서울 서초구 서초중앙로 239 (반포동),02-532-5147,GS칼텍스,"1,906","1,706","1,669",,Y,Y,N,N,N,N
서초구,방배동주유소,서울 서초구 효령로 29 (방배동),02-584-2086,SK에너지,"1,998","1,893","1,796",,N,Y,N,N,N,N
서초구,서초꽃마을주유소,서울 서초구 반포대로 69 (서초동),02-523-5551,GS칼텍스,"1,865","1,665","1,575",,Y,N,N,N,N,N
서초구,서초하이웨이 주유소,서울 서초구 양재대로2길 100-30,02-577-5151,S-OIL,"1,797","1,657","1,557",,Y,Y,N,N,N,Y
서초구,신반포주유소,서울 서초구 사평대로 94 (반포동),02-533-5151,SK에너지,"1,819","1,649","1,598",,Y,Y,N,N,N,Y
서초구,양재주유소,서울 서초구 바우뫼로 178,02-577-1621,SK에너지,"1,819","1,699","1,614",,N,Y,N,N,N,Y
서초구,양재최고주유소,서울 서초구 매헌로 72 (양재동),02-2057-5189,S-OIL,,"1,634","1,534",,N,Y,N,N,N,N
서초구,에너지 플러스 허브 내곡,서울 서초구 헌릉로 210,02-3461-5145,GS칼텍스,"1,823","1,623","1,523",,Y,Y,N,N,N,Y
서초구,에너지플러스허브 삼방주유소,서울 서초구 사평대로 364 (서초동),02-536-5145,GS칼텍스,"1,906","1,706","1,669",,Y,Y,N,N,N,Y
서초구,에쓰오일(주)직영 오토테크주유소,서울특별시 서초구  효령로 356 (서초동),02-585-5189,S-OIL,"1,855","1,655","1,565",,Y,Y,N,Y,N,N
서초구,지에스칼텍스(주)남서울주유소,서울 서초구 나루터로 83 (잠원동),02-542-1517,GS칼텍스,"1,969","1,789","1,739",,N,Y,N,N,Y,Y
서초구,지에스칼텍스(주)선천주유소,서울 서초구 동작대로 206 (방배동),02-592-4915,GS칼텍스,"1,884","1,684","1,629",,N,Y,N,N,N,N
서초구,태봉셀프주유소,서울 서초구 태봉로 117 (우면동),02-571-8000,SK에너지,,"1,665","1,565",,Y,Y,N,Y,N,N
서초구,한독주유소,서울 서초구 방배로 218 (방배동),02-3477-6127,GS칼텍스,"1,819","1,649","1,598",,Y,N,N,N,N,N
서초구,헌릉로주유소,서울 서초구 헌릉로 177 (내곡동),02-2058-3224,S-OIL,"1,854","1,654","1,564","1,620",Y,Y,N,N,N,N
성동구,(주)서울에너지 직영,서울 성동구 천호대로 324 (용답동),02-3390-4338,S-OIL,,"1,609","1,509",,Y,Y,N,N,N,Y
성동구,(주)옥수하이웨이스테이션,서울 성동구 독서당로 168 (옥수동),02-2282-5151,GS칼텍스,"2,348","2,198","2,098",,N,N,N,N,N,N
성동구,HD현대오일뱅크㈜직영 성동셀프주유소,서울 성동구 마장로 311 (마장동),02-2299-7333,HD현대오일뱅크,"1,859","1,655","1,550",,Y,Y,N,N,N,N
성동구,HD현대오일뱅크㈜직영 효진주유소,서울 성동구 동일로 129,02-464-7252,HD현대오일뱅크,"1,875","1,615","1,508",,N,Y,N,N,N,N
성동구,KLP제2주유소,서울 성동구 동일로 249 (송정동),02-465-5182,HD현대오일뱅크,,"1,615","1,508",,Y,N,N,N,N,N
성동구,SK KH에너지 성수만세주유소,서울 성동구 왕십리로 109,02-499-8223,SK에너지,"1,958","1,798","1,715",,Y,Y,N,N,N,N
성동구,SK세원2주유소,서울 성동구 광나루로 184 (성수동1가),02-462-5665,SK에너지,"2,125","1,796","1,710",,N,Y,N,Y,N,N
성동구,SK에너지(주) 군자동주유소,서울 성동구 천호대로 446 (용답동),02-2244-4945,SK에너지,"1,889","1,679","1,569",,N,Y,N,N,N,Y
성동구,SK에너지(주) 성수주유소,서울 성동구 뚝섬로 352 (성수동1가),02-467-7240,SK에너지,"1,928","1,798","1,735",,N,Y,N,N,N,N
성동구,금호주유소,서울 성동구 금호로 39 (금호동4가),02-2297-0066,GS칼텍스,"2,095","1,896","1,797","1,700",N,N,N,N,N,N
성동구,동일주유소,서울 성동구 광나루로 254 (성수동2가),02-461-7100,HD현대오일뱅크,"2,289","1,987","1,889","1,760",N,Y,N,N,N,N
성동구,삼우주유소,서울 성동구 천호대로 392,02-2245-8974,SK에너지,"1,825","1,615","1,515",,N,Y,N,N,N,N
성동구,아이콘주유소,서울 성동구 고산자로 273 (도선동),02-2291-5189,S-OIL,"1,858","1,668","1,538",,Y,Y,N,N,N,Y
성동구,정호주유소,서울 성동구 고산자로 307 (마장동),02-2297-9442,자가상표,,"1,618","1,518",,N,N,N,N,N,N
성동구,지에스칼텍스㈜ 도루코주유소,서울 성동구 아차산로 180,02-463-6919,GS칼텍스,"1,869","1,619","1,515","1,686",Y,Y,N,Y,N,Y
성동구,청계로주유소,서울 성동구 청계천로 454 (하왕십리동),02-2294-4225,SK에너지,,"2,095","1,995","1,895",N,Y,N,N,N,N
성북구,(주)삼표에너지 정릉주유소,서울 성북구 보국문로 35 (정릉동),02-914-6556,GS칼텍스,"1,859","1,599","1,509","1,550",Y,Y,N,Y,N,N
성북구,(주)성북주유소,서울 성북구 보문로 142,02-928-4900,HD현대오일뱅크,,"1,625","1,535",,Y,Y,N,N,N,N
성북구,(주)신용 구도일주유소화랑로,서울 성북구 화랑로 174,02-963-0051,S-OIL,"1,883","1,653","1,543","1,450",Y,Y,N,Y,N,N
성북구,HD현대오일뱅크㈜직영 고대셀프주유소,서울 성북구 종암로 12 (종암동),02-912-5151,HD현대오일뱅크,"1,869","1,645","1,545",,Y,Y,N,N,N,N
성북구,HD현대오일뱅크㈜직영 북악셀프주유소,서울 성북구 정릉로 218 (정릉동),02-911-5189,HD현대오일뱅크,"2,267","1,647","1,545",,Y,Y,N,N,N,N
성북구,HD현대오일뱅크㈜직영 아리랑주유소,서울 성북구 아리랑로 96 (정릉동),02-941-5189,HD현대오일뱅크,"1,945","1,680","1,599",,N,Y,N,N,N,N
성북구,SK에너지(주) 드림랜드주유소,서울 성북구 월계로 128 (장위동),02-916-9906,SK에너지,"1,879","1,645","1,545","1,520",N,N,N,N,N,N
성북구,㈜명연에너지 효성주유소,서울 성북구 화랑로 27,02-942-5150,GS칼텍스,"1,895","1,625","1,555",,Y,Y,N,Y,N,Y
성북구,동일주유소,서울특별시 성북구  보문로 85 (보문동5가),02-923-8484,S-OIL,"1,985","1,685","1,598",,Y,Y,N,N,N,Y
성북구,삼선주유소,서울 성북구 창경궁로 324,02-766-5105,S-OIL,"1,997","1,739","1,565",,Y,Y,N,N,N,N
성북구,신동방주유소,서울 성북구 월계로 84 (장위동),02-918-5151,S-OIL,"1,869","1,625","1,575",,Y,N,N,N,N,N
성북구,신방주유소,서울 성북구 안암로 111 (안암동5가),02-922-5151,S-OIL,,"1,639","1,539",,N,N,N,N,N,N
성북구,우리주유소,서울 성북구 화랑로 292,02-969-5185,SK에너지,,"1,634","1,535",,Y,Y,N,Y,N,Y
성북구,원천주유소,서울 성북구 돌곶이로 142 (장위동),070-4063-1057,GS칼텍스,,"1,603","1,503",,Y,N,N,N,N,N
성북구,이케이에너지(주) 강산제2주유소,서울 성북구 보국문로 52,02-942-1448,HD현대오일뱅크,"1,859","1,599","1,509",,Y,Y,N,N,N,N
성북구,이케이에너지㈜ 강산주유소,서울 성북구 보문로 27 (보문동7가),02-953-1448,GS칼텍스,,"1,605","1,515","1,300",Y,Y,N,N,N,Y
성북구,장삼 쌍둥이 주유소,서울 성북구 한천로 612 (장위동),02-909-0314,HD현대오일뱅크,,"1,625","1,525",,Y,Y,N,N,N,N
성북구,장위주유소,서울 성북구 화랑로 110 (하월곡동),02-6498-5189,S-OIL,,"1,645","1,515",,Y,Y,N,N,N,Y
성북구,재정제2주유소 길음지점,서울 성북구 삼양로 78 (길음동),02-980-1311,HD현대오일뱅크,,"1,629","1,539","1,450",N,N,N,N,N,N
성북구,중앙에너비스 종암지점,서울 성북구 종암로 58,070-8707-4565,SK에너지,,"1,645","1,545",,Y,Y,N,N,N,Y
성북구,지에스칼텍스(주) 종암주유소,서울 성북구 종암로 145 (종암동),02-921-7785,GS칼텍스,"1,885","1,635","1,535",,Y,Y,N,N,N,Y
성북구,지에스칼텍스㈜ 세창주유소,서울 성북구 동소문로 323,02-988-2491,GS칼텍스,"2,075","1,819","1,719","1,446",Y,N,N,N,N,N
성북구,지에스칼텍스㈜ 화랑주유소,서울 성북구 화랑로 185,02-942-5152,GS칼텍스,,"1,699","1,654","1,471",N,N,N,N,N,N
송파구,(유)호림플러스홀딩스 남성주유소,서울 송파구 백제고분로 474 (방이동),02-423-5128,HD현대오일뱅크,,"1,697","1,597",,N,Y,N,N,N,N
송파구,(주)삼표에너지 아시아주유소,서울 송파구 도곡로 438 (잠실동),02-416-1911,GS칼텍스,"1,843","1,643","1,553",,Y,Y,N,N,N,N
송파구,(주)삼표에너지 우리주유소,서울 송파구 동남로 153,02-3401-1588,GS칼텍스,"1,865","1,667","1,577","1,600",Y,Y,N,N,N,N
송파구,(주)삼표에너지 훼미리주유소,서울 송파구 중대로 58 (문정동),02-448-9252,GS칼텍스,"1,854","1,657","1,567","1,621",N,Y,N,N,N,N
송파구,(주)신화에너지 서울지점,서울 송파구 가락로 47 (석촌동),02-2202-8484,SK에너지,,"1,669","1,558",,Y,Y,N,Y,N,Y
송파구,(주)유진주유소,서울 송파구 동남로 325 (오금동),02-406-3956,SK에너지,,"1,654","1,572",,N,Y,N,N,N,N
송파구,(주)잠실에너지,서울 송파구 송파대로 442 (송파동),02-414-5010,S-OIL,"1,863","1,683","1,593",,Y,Y,N,Y,N,Y
송파구,(주)정직한주유소,서울 송파구 오금로 455 (거여동),02-406-4634,HD현대오일뱅크,,"1,697","1,607",,Y,Y,N,N,N,N
송파구,(주)퍼스트오일서울주유소,서울 송파구 문정로 153,02-407-0708,S-OIL,,"1,690","1,610","1,550",N,N,N,N,N,N
송파구,HD현대오일뱅크㈜직영 올림픽셀프주유소,서울 송파구 위례성대로 188 (오금동),02-448-9804,HD현대오일뱅크,"1,819","1,718","1,628",,Y,Y,N,Y,N,Y
송파구,HD현대오일뱅크㈜직영 잠실셀프주유소,서울 송파구 송파대로 397 (석촌동),02-417-7111,HD현대오일뱅크,"1,823","1,653","1,553","1,560",Y,N,N,N,N,Y
송파구,남성대주유소,서울 송파구 송파대로 52 (장지동),02-409-2211,SK에너지,,"1,663","1,564","1,600",Y,Y,N,Y,N,Y
송파구,대성석유(주)석촌주유소,서울 송파구 백제고분로 289,02-421-0051,GS칼텍스,"1,898","1,697","1,597","1,500",N,N,N,Y,N,N
송파구,대성주유소,서울 송파구 마천로 230 (마천동),02-431-1991,SK에너지,,"1,648","1,568","1,500",N,Y,N,N,N,N
송파구,대신석유(주)진양주유소,서울 송파구 올림픽로 499 (풍납동),02-477-1906,SK에너지,"1,998","1,898","1,798",,N,Y,N,N,N,N
송파구,방이주유소,서울 송파구 위례성대로12길 38 (방이동),02-424-3051,SK에너지,,"1,663","1,573",,N,Y,N,Y,N,N
송파구,백제고분로주유소,서울 송파구 오금로 143 (방이동),02-2202-4050,SK에너지,"1,863","1,683","1,593",,Y,Y,N,Y,Y,Y
송파구,삼화주유소,서울 송파구 백제고분로 125,02-2203-2280,GS칼텍스,"1,833","1,643","1,553",,Y,N,N,N,N,Y
송파구,상아주유소,서울 송파구 거마로 82,02-409-8251,S-OIL,,"1,653","1,554","1,500",Y,Y,N,N,N,N
송파구,송파주유소,서울 송파구 송이로 28 (송파동),02-2203-3737,GS칼텍스,,"1,695","1,595","1,600",Y,N,N,Y,N,N
송파구,완불주유소,서울 송파구 송파대로 3 (장지동),02-3402-2900,SK에너지,"1,902","1,686","1,608",,Y,Y,N,N,N,Y
송파구,위례드림주유소,서울시 송파구  위례중앙로 10,02-404-5189,S-OIL,"1,858","1,663","1,564",,Y,Y,N,N,N,Y
송파구,위례제일주유소 (주)버드에너지,서울 송파구 위례서로 260,02-408-9951,S-OIL,,"1,653","1,564",,Y,Y,N,N,N,N
송파구,제트라인DM주유소,서울 송파구 중대로 183 (가락동),02-430-5151,HD현대오일뱅크,,"1,675","1,578",,N,N,N,Y,N,N
송파구,지에스이앤알 직영 송파제일주유소,서울 송파구 삼학사로 50 (석촌동),02-424-2900,HD현대오일뱅크,,"1,675","1,557",,Y,Y,N,Y,N,Y
송파구,지에스칼텍스(주)가든파이브주유소,서울 송파구 탄천동로 740,02-409-5145,GS칼텍스,"1,863","1,663","1,564",,Y,Y,N,N,Y,Y
송파구,지에스칼텍스(주)스마트위례주유소,서울 송파구 위례중앙로 43 (장지동),02-409-5185,GS칼텍스,"1,863","1,663","1,564",,Y,Y,N,N,N,N
송파구,한강에너지(주)퍼스트주유소,서울 송파구 삼학사로 22 (석촌동),02-422-2834,SK에너지,"1,813","1,633","1,543",,Y,Y,N,Y,N,N
양천구,(주)삼표에너지 목동주유소,서울 양천구 목동서로 129 (목동),02-2654-5153,GS칼텍스,"1,835","1,659","1,574",,Y,Y,N,N,N,N
양천구,(주)서부트럭터미날,서울 양천구 신정로 167 (신정동),02-2614-0047,HD현대오일뱅크,,"1,689","1,599","1,500",N,Y,N,N,N,N
양천구,(주)타이거오일 신정주유소,서울 양천구 중앙로 226 (신정동),02-2646-6212,SK에너지,,"1,614","1,524",,Y,N,N,N,N,N
양천구,HD현대오일뱅크㈜직영 남부순환셀프주유소,서울 양천구 남부순환로 553 (신월동),02-2690-5001,HD현대오일뱅크,"1,948","1,644","1,549",,Y,Y,N,N,Y,Y
양천구,SK에너지(주) 경인주유소,서울 양천구 국회대로 170 (신정동),02-2693-4994,SK에너지,,"1,649","1,594","1,560",Y,Y,N,N,N,N
양천구,SK에너지(주) 신평,서울 양천구 목동남로 62,02-2654-5145,SK에너지,"1,864","1,659","1,584","1,570",N,Y,N,Y,N,N
양천구,가로공원주유소,서울 양천구 가로공원로 165 (신월동),02-2695-3423,SK에너지,,"1,595","1,497",,N,Y,N,N,N,Y
양천구,개나리Self주유소,서울 양천구 남부순환로 442 (신월동),02-2606-5189,SK에너지,,"1,609","1,509",,Y,Y,N,Y,N,N
양천구,목동주유소,서울 양천구 목동중앙로 125 (목동),02-2645-5104,SK에너지,,"1,667","1,572",,Y,Y,N,N,N,N
양천구,삼미상사(주)신월IC셀프주유소,서울 양천구 중앙로 331 (신월동),02-2694-4966,SK에너지,,"1,684","1,594",,Y,N,N,Y,N,N
양천구,신양주유소,서울 양천구 지양로 67,02-2608-3312,SK에너지,,"1,745","1,643","1,710",N,Y,N,N,N,N
양천구,신월주유소,서울 양천구 신월로 193 (신월동),02-2603-5182,GS칼텍스,,"1,595","1,517","1,600",Y,N,N,N,N,N
양천구,신정동주유소,서울 양천구 안양천로 663 (신정동),02-2651-5189,HD현대오일뱅크,,"1,667","1,567",,Y,Y,N,N,Y,N
양천구,양천구주유소,서울 양천구 국회대로 275 (목동),02-2644-5105,알뜰주유소,,"1,619","1,519",,Y,Y,N,Y,N,Y
양천구,지에스이앤알 직영 서울주유소,서울 양천구 신정로 236 (신정동),02-2607-9478,GS칼텍스,,"1,655","1,547",,Y,Y,N,N,N,N
양천구,지에스칼텍스㈜ 건지주유소,서울 양천구 안양천로 1171 (목동),02-2644-5108,GS칼텍스,"1,869","1,669","1,584","1,580",Y,Y,N,N,N,N
양천구,플라트(주)서호주유소,서울 양천구 남부순환로 317,02-2602-5172,GS칼텍스,"1,928","1,593","1,495","1,560",Y,Y,N,Y,N,N
양천구,현대오일뱅크(주)직영 신목동셀프주유소,서울 양천구 목동동로10길 13,02-2642-5188,HD현대오일뱅크,"1,989","1,699","1,681",,Y,Y,N,Y,N,N
양천구,현대오일뱅크(주)직영 양정주유소,서울 양천구 국회대로 158 (신정동),02-2691-5185,HD현대오일뱅크,,"1,659","1,584",,N,N,N,N,N,N
양천구,현대오일뱅크(주)직영 양천셀프주유소,서울 양천구 목동로 17,02-2644-5185,HD현대오일뱅크,"1,838","1,634","1,565",,Y,Y,N,N,N,N
양천구,현대오일뱅크(주)직영 양천현대셀프주유소,서울 양천구 안양천로 1179 (목동),02-2653-5189,HD현대오일뱅크,"1,869","1,669","1,574",,Y,Y,Y,Y,Y,Y
양천구,현대오일뱅크㈜직영 목동셀프주유소,서울 양천구 공항대로 648 (목동),02-2648-4204,HD현대오일뱅크,,"1,669","1,574",,Y,N,N,N,N,N
양천구,현대주유소,서울 양천구 남부순환로 372 (신월동),02-2608-9231,S-OIL,,"1,593","1,495",,Y,Y,N,N,N,N
양천구,형산석유(주)원주유소,서울 양천구 남부순환로 408,02-2690-5837,HD현대오일뱅크,,"1,609","1,509","1,795",N,Y,N,Y,N,N
영등포구,(주)MS에너지,서울 영등포구 대림로 230,02-844-5151,HD현대오일뱅크,,"1,615","1,525",,N,Y,N,N,N,N
영등포구,(주)강서오일,서울 영등포구 도신로 151,02-832-1700,HD현대오일뱅크,"1,769","1,615","1,525","1,389",Y,N,N,N,N,Y
영등포구,(주)대청에너지 대청주유소,서울 영등포구 가마산로 328 (대림동),02-841-8780,GS칼텍스,,"1,585","1,495",,Y,Y,N,Y,N,Y
영등포구,(주)지에스이앤알 보라주유소,서울 영등포구 영등포로 399 (신길동),02-842-1155,GS칼텍스,"1,909","1,657","1,555",,N,Y,N,N,N,N
영등포구,(주)한미석유 제2한강주유소,서울 영등포구 선유로 260 (양평동4가),02-2633-2716,GS칼텍스,,"1,674","1,619",,Y,Y,N,N,N,N
영등포구,HD현대오일뱅크㈜직영 대일셀프주유소,서울 영등포구 영등포로 168,02-2068-8700,HD현대오일뱅크,"1,889","1,664","1,569","1,500",Y,N,N,N,N,N
영등포구,SJ오일(주) 여의도주유소,서울 영등포구 은행로 64,02-785-8201,GS칼텍스,"2,415","2,295","2,395","1,750",N,Y,Y,N,Y,Y
영등포구,SK KH에너지 여의도주유소,서울 영등포구 국회대로 794 (여의도동),02-761-5101,SK에너지,"2,310","2,195","2,189",,N,Y,N,N,N,N
영등포구,SK에너지(주) 기린주유소,서울 영등포구 선유로 270,02-2671-5182,SK에너지,"1,869","1,674","1,619",,Y,Y,N,N,Y,Y
영등포구,SK에너지(주) 신길동주유소,서울 영등포구 영등포로 348 (신길동),02-843-0481,SK에너지,"1,899","1,669","1,575","1,560",N,Y,N,N,N,N
영등포구,SK에너지(주) 양평주유소,서울 영등포구 선유로 195 (양평동3가),02-2633-1013,SK에너지,,"1,674","1,619",,Y,Y,N,N,N,Y
영등포구,㈜지에스이앤알 모드니주유소,서울 영등포구 경인로 789,02-2637-7788,GS칼텍스,,"1,647","1,545",,N,Y,N,N,N,N
영등포구,국회대로주유소,서울 영등포구 국회대로 746 (여의도동),02-761-5122,HD현대오일뱅크,"2,139","1,975","1,922",,N,Y,N,N,N,N
영등포구,남서울고속주유소,서울 영등포구 가마산로 367 (대림동),02-843-5151,SK에너지,"1,755","1,575","1,485",,Y,Y,N,N,N,Y
영등포구,매봉주유소,서울 영등포구 도신로 248 (신길동),02-836-8851,HD현대오일뱅크,,"1,698","1,595","1,500",Y,Y,N,Y,N,N
영등포구,버드나룻길주유소,서울 영등포구 버드나루로 111 (당산동),02-2634-5104,SK에너지,"2,245","2,065","1,965","1,640",N,Y,N,N,N,N
영등포구,선유도주유소,서울 영등포구 양평로 141 (양평동5가),02-2671-5223,S-OIL,,"1,684","1,629",,Y,Y,N,N,N,N
영등포구,성락주유소,서울 영등포구 가마산로 414 (신길동),02-842-6148,S-OIL,,"1,595","1,495",,Y,Y,N,N,N,N
영등포구,성원이앤에스(주)영등포지점,서울 영등포구 국회대로52길 9-13 (영등포동7가),02-2635-7781,GS칼텍스,"2,215","1,985","1,923","1,700",N,N,N,N,N,N
영등포구,씨앤에스유통 한성주유소,서울 영등포구 여의대방로 227,02-849-5180,S-OIL,,"1,665","1,565","1,370",N,N,N,N,N,N
영등포구,씨앤에스유통(주) 한일주유소,서울 영등포구 도림로 486 (문래동3가),02-3667-5101,S-OIL,"1,828","1,628","1,528",,Y,N,N,N,N,N
영등포구,영등포제일셀프주유소,서울 영등포구 가마산로 379,02-847-5151,HD현대오일뱅크,,"1,575","1,485",,Y,Y,N,Y,N,N
영등포구,영등포현대셀프주유소,서울 영등포구 경인로 822 (영등포동),02-2678-0503,HD현대오일뱅크,,"1,615","1,525",,Y,N,N,N,Y,N
영등포구,지에스칼텍스㈜ 신길주유소,서울 영등포구 신길로 74 (신길동),02-833-1113,GS칼텍스,"1,825","1,625","1,525","1,450",Y,Y,N,N,N,Y
영등포구,지에스칼텍스㈜ 화일주유소,서울 영등포구 도림로 415,02-2633-5546,GS칼텍스,"1,879","1,679","1,589","1,520",Y,N,N,N,N,N
영등포구,한경석유(주)경덕주유소,서울 영등포구 여의대방로23길 2 (신길동),02-843-3900,SK에너지,"1,825","1,615","1,525",,Y,Y,N,N,N,N
영등포구,행촌주유소,서울 영등포구 도신로 130 (신길동),070-7758-5189,SK에너지,,"1,615","1,525",,Y,Y,N,N,Y,Y
용산구,(주)남경주유소,서울 용산구 녹사평대로11길 24,02-793-2954,SK에너지,"2,398","2,179","2,048","1,701",N,Y,N,Y,N,Y
용산구,(주)신태성주유소,서울 용산구 원효로 147 (원효로3가),02-701-9447,SK에너지,"2,365","2,152","1,994","1,608",N,Y,N,N,N,N
용산구,(주)영원 풍기주유소,서울 용산구 원효로 178 (원효로2가),02-719-2202,GS칼텍스,"2,290","2,020","1,936","1,750",N,N,N,N,Y,N
용산구,HD현대오일뱅크(주)직영 소월길주유소,서울 용산구 소월로 66 (후암동),02-318-3314,HD현대오일뱅크,"2,327","2,144","1,991",,N,Y,N,N,N,N
용산구,HD현대오일뱅크㈜직영 갈월동주유소,서울특별시 용산구  한강대로 322 (남영동),02-754-5217,HD현대오일뱅크,"2,366","2,140","1,992","1,579",N,Y,N,Y,N,N
용산구,HD현대오일뱅크㈜직영 강변현대주유소,서울 용산구 원효로 9 (청암동),02-712-7124,HD현대오일뱅크,"2,373","2,144","2,061",,N,Y,N,Y,N,N
용산구,HD현대오일뱅크㈜직영 한남동주유소,서울 용산구 한남대로 204 (한남동),02-795-0802,HD현대오일뱅크,"2,198","1,889","1,769",,N,Y,N,Y,N,N
용산구,동자동주유소,서울 용산구 한강대로104길 6 (동자동),02-754-6667,SK에너지,"2,360","2,140","1,992","1,750",N,Y,N,N,N,N
용산구,서계주유소,서울 용산구  청파로 367 (청파동),02-706-6485,GS칼텍스,"3,109","2,712","2,729","2,370",N,Y,N,N,N,N
용산구,에너비스,서울 용산구 한남대로 82 (한남동),070-8707-4572,SK에너지,"2,467","2,267","2,167",,N,Y,N,N,N,N
용산구,한남지점,서울 용산구 한남대로21길 4 (한남동),070-8707-4586,SK에너지,"2,467","2,267","2,167",,N,N,N,N,N,N
용산구,한석주유소,서울 용산구 이촌로 164,02-790-1020,SK에너지,"2,552","2,318","2,170",,N,Y,N,N,N,Y
은평구,(주)디오티디 은평유니콘주유소,서울 은평구 통일로 1151 (진관동),02-356-9051,HD현대오일뱅크,"1,774","1,579","1,479","1,484",N,Y,N,N,N,N
은평구,(주)명연에너지 수색훼미리주유소,서울 은평구 수색로 236 (수색동),02-374-8770,HD현대오일뱅크,,"1,615","1,515",,Y,Y,N,N,N,N
은평구,㈜오일닷컴 다회주유소,서울 은평구 증산로 441,02-375-5156,S-OIL,,"1,594","1,544",,Y,N,N,N,N,N
은평구,뉴타운셀프주유소,서울 은평구 통일로 1031,02-355-3055,S-OIL,,"1,645","1,575",,Y,N,N,N,N,N
은평구,대성산업㈜ 대성주유소,서울 은평구 통일로 642,02-355-3434,GS칼텍스,"1,828","1,627","1,537",,Y,Y,N,N,N,Y
은평구,박석고개주유소,서울 은평구 통일로 945 (갈현동),02-388-0477,SK에너지,,"1,637","1,547",,Y,Y,N,N,N,Y
은평구,불광주유소,서울 은평구 연서로 314 (불광동),02-382-5149,HD현대오일뱅크,"1,828","1,608","1,528",,Y,Y,N,N,N,N
은평구,성원이앤에스(주)은평지점,서울 은평구 통일로 968 (진관동),02-352-4451,GS칼텍스,"1,868","1,639","1,548",,Y,Y,N,N,N,N
은평구,은평뉴타운주유소,서울 은평구 통일로 924 (불광동),02-355-0349,SK에너지,,"1,637","1,547","1,484",Y,Y,N,Y,N,N
은평구,응암주유소,서울 은평구 응암로 163,02-303-1448,HD현대오일뱅크,"1,884","1,624","1,574",,Y,N,N,N,N,N
은평구,지에스칼텍스(주)수색뉴타운주유소,서울 은평구 수색로 350 (수색동),02-309-5051,GS칼텍스,"1,854","1,604","1,515",,Y,Y,N,N,N,N
은평구,지에스칼텍스㈜ 서부주유소,서울 은평구 응암로 210 (응암동),02-302-6041,GS칼텍스,"1,879","1,619","1,569","1,472",Y,Y,N,Y,N,N
은평구,지에스칼텍스㈜ 신사제일주유소,서울 은평구 증산로 423 (신사동),02-308-4333,GS칼텍스,"1,849","1,599","1,549","1,449",Y,Y,N,N,N,Y
은평구,타이거주유소,서울 은평구 수색로 188 (증산동),02-309-9145,SK에너지,,"1,594","1,514","1,600",Y,Y,N,N,N,N
종로구,(주)대양씨앤씨 사직주유소,서울 종로구 사직로 65 (사직동),02-735-4858,GS칼텍스,"2,495","2,295","2,185","1,800",N,N,N,N,N,N
종로구,(주)중앙에너비스 혜화주유소,서울 종로구 창경궁로35길 1,070-8707-4564,SK에너지,"2,467","2,267","2,167","1,750",N,N,N,N,N,N
종로구,HD현대오일뱅크㈜직영 재동주유소,서울 종로구 율곡로 58 (경운동),02-732-3968,HD현대오일뱅크,"1,999","1,659","1,579",,Y,N,N,N,N,N
종로구,SK북악주유소,서울 종로구 평창문화로 137,02-395-6500,SK에너지,"2,398","2,198","2,098",,N,Y,N,N,N,N
종로구,㈜지에스이앤알 평창주유소,서울 종로구 평창문화로 135 (평창동),02-391-5185,HD현대오일뱅크,"1,999","1,759","1,699",,Y,Y,N,N,N,N
종로구,경복궁주유소,서울 종로구 율곡로 6 (중학동),02-6016-6981,GS칼텍스,"2,490","2,290","2,180",,N,N,N,N,N,N
종로구,구도일주유소특종,서울 종로구 평창문화로 90 (평창동),02-379-6524,S-OIL,"1,990","1,790","1,690","1,600",N,Y,N,N,N,N
종로구,안풍주유소,서울 종로구 자하문로 303,02-396-5151,S-OIL,"1,989","1,769","1,689",,N,Y,N,N,N,N
종로구,자하문주유소,서울 종로구 자하문로 248 (부암동),02-396-5252,SK에너지,"1,989","1,769","1,689",,Y,Y,N,N,N,N
중구,HD현대오일뱅크㈜직영 장원주유소,서울 중구 동호로 203 (신당동),02-2236-2759,HD현대오일뱅크,"2,028","1,798","1,698","1,650",N,N,N,N,N,N
중구,SK에너지(주) 퇴계로주유소,서울 중구 퇴계로 228 (필동2가),02-2273-5189,SK에너지,"2,020","1,954","1,954",,N,N,N,N,N,N
중구,다산주유소,서울 중구 다산로 233,02-2252-2210,S-OIL,"1,849","1,629","1,529","1,600",Y,N,N,N,N,N
중구,서남주유소,서울 중구 통일로 30,02-752-9475,SK에너지,"3,116","2,716","2,600","2,219",N,Y,N,N,N,Y
중구,세화주유소,서울 중구 왕십리로 403,02-2234-3451,알뜰주유소,,"1,768","1,668","1,600",N,Y,N,Y,N,Y
중구,신당동주유소,서울 중구 다산로 242 (신당동),02-2252-6688,SK에너지,"2,348","2,148","1,998","1,650",N,Y,N,N,N,Y
중구,약수주유소,서울 중구 다산로 173,02-2252-3345,SK에너지,"1,878","1,657","1,556",,Y,Y,N,Y,N,Y
중구,장충드림주유소,서울 중구 동호로 296,02-2275-5150,S-OIL,,"1,785","1,685",,Y,Y,N,N,N,N
중구,장충주유소,서울 중구 장충단로 202 (장충동1가),02-2279-9965,SK에너지,"2,348","2,038","1,989",,N,Y,N,N,N,Y
중구,필동주유소,서울 중구 퇴계로 196 (필동2가),02-2267-8025,GS칼텍스,"2,739","2,489","2,369","1,859",N,N,N,N,N,Y
중랑구,(주)기지에너지,서울 중랑구 용마산로 716 (신내동),02-2207-9419,S-OIL,,"1,639","1,539","1,450",N,N,N,N,N,N
중랑구,(주)자연에너지 대창주유소,서울 중랑구 동일로 636 (면목동),02-434-1448,HD현대오일뱅크,"1,830","1,607","1,507",,Y,N,N,N,N,N
중랑구,(주)태영 구도일주유소 한인,서울 중랑구 망우로 170 (상봉동),02-438-5151,S-OIL,"1,845","1,635","1,535",,Y,Y,N,Y,N,N
중랑구,구도일주유소 동천,서울 중랑구 동일로 654 (면목동),02-495-0081,S-OIL,,"1,617","1,507",,Y,Y,N,N,N,N
중랑구,대양주유소,서울 중랑구 봉우재로 105 (상봉동),02-437-5457,GS칼텍스,"1,840","1,620","1,520","1,600",Y,Y,N,N,N,N
중랑구,대원주유소,서울 중랑구 동일로 600,02-438-6111,GS칼텍스,"1,830","1,607","1,507","1,600",Y,Y,N,N,N,N
중랑구,면목SELF주유소,서울 중랑구 동일로 627 (면목동),02-437-4072,SK에너지,,"1,607","1,507",,Y,Y,N,Y,N,N
중랑구,범아주유소,서울 중랑구 동일로 881 (묵동),02-974-8356,S-OIL,,"1,698","1,598","1,600",N,Y,N,Y,N,N
중랑구,신내주유소,서울 중랑구 용마산로 705 (신내동),02-2207-0523,SK에너지,,"1,652","1,553","1,450",Y,Y,N,N,N,N
중랑구,신일셀프주유소,서울 중랑구 상봉로 58 (망우동),02-436-3651,SK에너지,,"1,659","1,568","1,590",Y,Y,N,Y,N,Y
중랑구,오천만주유소,서울 중랑구 동일로 547 (면목동),070-7797-7474,S-OIL,,"1,607","1,507",,Y,Y,N,N,N,N
중랑구,용마로주유소,서울 중랑구 용마산로 309 (면목동),02-439-3037,SK에너지,,"1,658","1,538","1,600",Y,Y,N,N,N,N
중랑구,우림주유소,서울 중랑구 용마산로 487 (망우제3동),02-433-9990,GS칼텍스,,"1,607","1,507",,Y,Y,N,N,N,N
