"기준일자","승차_호선","하차_호선","총_승객수","일반_승객수","어린이_승객수","청소년_승객수","대학생_승객수","경로_승객수","장애인_승객수","국가유공자_승객수","직원_승객수","외국인경로_승객수"
"20240223","1호선","1호선","50800","32875","509","586","0","14260","2389","149","0","32"
"20240223","1호선","2호선","24713","19928","359","496","0","3303","566","37","0","24"
"20240223","1호선","3호선","18142","13121","216","269","0","3894","584","56","0","2"
"20240223","1호선","4호선","27596","21208","469","511","0","4578","770","53","0","7"
"20240223","1호선","5호선","10060","7538","106","125","0","1950","322","17","0","2"
"20240223","1호선","6호선","12824","8857","159","248","0","3048","482","26","0","4"
"20240223","1호선","7호선","7049","4929","33","80","0","1721","262","21","0","3"
"20240223","1호선","7호선(인천)","1934","1619","14","20","0","232","43","5","0","1"
"20240223","1호선","8호선","937","659","12","11","0","218","30","5","0","2"
"20240223","1호선","9호선","7826","6300","70","89","0","1120","229","14","0","4"
"20240223","1호선","9호선(연장)","1188","1002","43","26","0","97","17","2","0","1"
"20240223","1호선","경강선","180","95","6","2","0","73","4","0","0","0"
"20240223","1호선","경부선","33033","26859","349","465","0","4412","877","71","0","0"
"20240223","1호선","경원선","27464","18757","208","348","0","6921","1136","94","0","0"
"20240223","1호선","경의중앙선","1172","716","17","20","0","358","55","6","0","0"
"20240223","1호선","경인선","18251","14575","139","224","0","2794","476","43","0","0"
"20240223","1호선","경춘선","1737","1104","14","23","0","522","70","4","0","0"
"20240223","1호선","공항철도1호선","3375","3006","59","59","0","207","39","5","0","0"
"20240223","1호선","과천선","3416","2836","34","40","0","423","74","9","0","0"
"20240223","1호선","김포골드라인","658","472","4","10","0","148","22","2","0","0"
"20240223","1호선","분당선","1995","1418","24","24","0","462","63","4","0","0"
"20240223","1호선","서해선","1239","964","9","14","0","204","45","3","0","0"
"20240223","1호선","수인선","301","207","4","3","0","69","15","3","0","0"
"20240223","1호선","신림선","2057","1620","9","24","0","344","53","6","0","1"
"20240223","1호선","신분당선","551","404","5","8","0","117","15","2","0","0"
"20240223","1호선","신분당선(연장)","683","421","4","2","0","238","16","2","0","0"
"20240223","1호선","신분당선(연장2)","173","125","0","3","0","43","2","0","0","0"
"20240223","1호선","안산선","1990","1528","13","41","0","325","77","6","0","0"
"20240223","1호선","에버라인선","27","7","0","0","0","17","3","0","0","0"
"20240223","1호선","우이신설선","4379","2766","31","68","0","1309","196","8","0","1"
"20240223","1호선","의정부선","853","757","4","14","0","61","16","1","0","0"
"20240223","1호선","인천1호선","2257","1801","25","41","0","336","52","2","0","0"
"20240223","1호선","인천2호선","1340","1001","22","14","0","262","36","5","0","0"
"20240223","1호선","일산선","3959","2765","17","51","0","997","121","8","0","0"
"20240223","1호선","장항선","128","65","1","6","0","45","11","0","0","0"
"20240223","1호선","중앙선","8646","5897","61","144","0","2210","317","17","0","0"
"20240223","1호선","진접선","856","619","17","18","0","175","21","6","0","0"
"20240223","2호선","1호선","23201","18410","325","423","0","3370","615","31","0","27"
"20240223","2호선","2호선","848152","725656","13154","21231","0","72964","13700","860","0","585"
"20240223","2호선","3호선","77059","65103","1149","1829","0","7715","1145","76","0","42"
"20240223","2호선","4호선","75761","64280","1190","1719","0","7133","1316","93","0","30"
"20240223","2호선","5호선","86552","72048","1226","1798","0","9505","1822","94","0","59"
"20240223","2호선","6호선","51042","43349","633","1148","0","4839","1008","46","0","19"
"20240223","2호선","7호선","69517","57351","830","1567","0","8064","1538","98","0","69"
"20240223","2호선","7호선(인천)","9696","8523","145","222","0","640","158","5","0","3"
"20240223","2호선","8호선","35073","30151","403","633","0","3229","590","52","0","15"
"20240223","2호선","9호선","34255","28925","443","821","0","3270","722","47","0","27"
"20240223","2호선","9호선(연장)","12197","9990","251","246","0","1457","193","58","0","2"
"20240223","2호선","경강선","2265","1711","58","108","0","329","56","3","0","0"
"20240223","2호선","경부선","40513","32762","685","1109","0","4919","992","46","0","0"
"20240223","2호선","경원선","17682","14272","265","564","0","2148","411","22","0","0"
"20240223","2호선","경의중앙선","11591","9503","258","433","0","1164","219","14","0","0"
"20240223","2호선","경인선","37147","30408","573","929","0","4347","837","53","0","0"
"20240223","2호선","경춘선","2163","1563","40","93","0","403","61","3","0","0"
"20240223","2호선","공항철도1호선","13545","12005","309","507","0","569","145","10","0","0"
"20240223","2호선","과천선","17817","14717","213","339","0","2192","335","21","0","0"
"20240223","2호선","김포골드라인","2847","2182","73","109","0","429","49","5","0","0"
"20240223","2호선","분당선","45613","38454","675","1179","0","4563","684","58","0","0"
"20240223","2호선","서해선","2777","2203","54","91","0","363","65","1","0","0"
"20240223","2호선","수인선","771","567","12","37","0","127","28","0","0","0"
"20240223","2호선","신림선","11329","8188","151","241","0","2338","393","10","0","8"
"20240223","2호선","신분당선","12440","10548","115","197","0","1309","246","25","0","0"
"20240223","2호선","신분당선(연장)","11443","9487","168","282","0","1331","161","14","0","0"
"20240223","2호선","신분당선(연장2)","3065","2565","30","78","0","336","51","5","0","0"
"20240223","2호선","안산선","9679","8093","179","353","0","895","151","8","0","0"
"20240223","2호선","에버라인선","451","276","13","24","0","128","8","2","0","0"
"20240223","2호선","우이신설선","4824","3819","64","141","0","681","115","4","0","0"
"20240223","2호선","의정부선","559","464","24","32","0","30","7","2","0","0"
"20240223","2호선","인천1호선","5788","4853","106","205","0","520","85","7","0","12"
"20240223","2호선","인천2호선","3821","3117","94","173","0","372","56","7","0","2"
"20240223","2호선","일산선","8826","7445","132","193","0","904","136","16","0","0"
"20240223","2호선","장항선","280","160","12","28","0","75","4","1","0","0"
"20240223","2호선","중앙선","11488","9449","152","371","0","1268","238","10","0","0"
"20240223","2호선","진접선","1397","1132","36","66","0","131","31","1","0","0"
"20240223","3호선","1호선","17133","12141","192","186","0","3971","593","46","0","4"
"20240223","3호선","2호선","81576","68611","1264","2034","0","8363","1180","82","0","42"
"20240223","3호선","3호선","217620","163777","5187","6132","0","37474","4676","327","0","47"
"20240223","3호선","4호선","42522","34761","809","947","0","5187","766","46","0","6"
"20240223","3호선","5호선","32211","25739","470","645","0","4590","697","55","0","15"
"20240223","3호선","6호선","33416","26100","471","797","0","5227","775","43","0","3"
"20240223","3호선","7호선","35136","28800","418","675","0","4562","624","29","0","28"
"20240223","3호선","7호선(인천)","3323","2897","31","66","0","280","42","3","0","4"
"20240223","3호선","8호선","13885","10872","223","247","0","2219","303","19","0","2"
"20240223","3호선","9호선","19218","16128","300","475","0","2026","265","21","0","3"
"20240223","3호선","9호선(연장)","6293","5045","109","139","0","856","115","27","0","2"
"20240223","3호선","경강선","1108","836","21","25","0","199","24","3","0","0"
"20240223","3호선","경부선","8576","7050","117","186","0","1026","185","12","0","0"
"20240223","3호선","경원선","8863","6821","113","168","0","1532","219","10","0","0"
"20240223","3호선","경의중앙선","5053","3766","65","101","0","982","127","12","0","0"
"20240223","3호선","경인선","5334","4355","58","121","0","668","121","11","0","0"
"20240223","3호선","경춘선","969","712","21","24","0","186","25","1","0","0"
"20240223","3호선","공항철도1호선","3462","3013","54","103","0","232","58","2","0","0"
"20240223","3호선","과천선","3515","2735","41","55","0","610","66","8","0","0"
"20240223","3호선","김포골드라인","1053","811","9","31","0","180","22","0","0","0"
"20240223","3호선","분당선","16005","11925","261","373","0","3063","356","27","0","0"
"20240223","3호선","서해선","863","695","14","22","0","110","21","1","0","0"
"20240223","3호선","수인선","191","142","3","4","0","35","7","0","0","0"
"20240223","3호선","신림선","1400","1120","12","26","0","214","26","2","0","0"
"20240223","3호선","신분당선","7225","5615","97","162","0","1180","163","8","0","0"
"20240223","3호선","신분당선(연장)","5790","4389","76","138","0","1101","81","5","0","0"
"20240223","3호선","신분당선(연장2)","2197","1776","32","62","0","287","38","2","0","0"
"20240223","3호선","안산선","1986","1579","35","64","0","285","22","1","0","0"
"20240223","3호선","에버라인선","179","95","2","4","0","69","9","0","0","0"
"20240223","3호선","우이신설선","1938","1415","25","42","0","404","48","3","0","1"
"20240223","3호선","의정부선","256","217","7","7","0","19","5","1","0","0"
"20240223","3호선","인천1호선","1189","967","15","27","0","153","24","3","0","0"
"20240223","3호선","인천2호선","834","691","11","15","0","102","14","1","0","0"
"20240223","3호선","일산선","30783","23891","470","635","0","5045","692","50","0","0"
"20240223","3호선","장항선","47","26","0","3","0","15","3","0","0","0"
"20240223","3호선","중앙선","6103","4949","67","163","0","804","113","7","0","0"
"20240223","3호선","진접선","807","627","36","37","0","93","13","1","0","0"
"20240223","4호선","1호선","23003","16818","342","364","0","4630","781","58","0","10"
"20240223","4호선","2호선","77620","66123","1235","1947","0","6903","1292","86","0","34"
"20240223","4호선","3호선","41074","33419","704","1057","0","5145","694","50","0","5"
"20240223","4호선","4호선","239786","179627","5466","6946","0","40129","7137","416","0","65"
"20240223","4호선","5호선","34223","28438","632","724","0","3682","689","49","0","9"
"20240223","4호선","6호선","20068","16248","350","439","0","2546","449","28","0","8"
"20240223","4호선","7호선","15666","11906","230","331","0","2766","410","16","0","7"
"20240223","4호선","7호선(인천)","1302","1074","31","48","0","122","26","0","0","1"
"20240223","4호선","8호선","3950","3317","47","81","0","427","75","2","0","1"
"20240223","4호선","9호선","10429","8510","182","212","0","1319","191","15","0","0"
"20240223","4호선","9호선(연장)","3418","2824","75","71","0","378","57","13","0","0"
"20240223","4호선","경강선","425","298","12","26","0","73","16","0","0","0"
"20240223","4호선","경부선","12937","10638","239","368","0","1397","276","19","0","0"
"20240223","4호선","경원선","22015","14512","348","585","0","5668","849","53","0","0"
"20240223","4호선","경의중앙선","2297","1750","44","97","0","358","46","2","0","0"
"20240223","4호선","경인선","5447","4440","97","175","0","592","130","13","0","0"
"20240223","4호선","경춘선","735","500","26","22","0","163","23","1","0","0"
"20240223","4호선","공항철도1호선","7566","6734","172","164","0","406","82","8","0","0"
"20240223","4호선","과천선","15528","12391","224","277","0","2299","305","32","0","0"
"20240223","4호선","김포골드라인","1201","911","27","55","0","189","16","3","0","0"
"20240223","4호선","분당선","6742","5551","89","163","0","800","129","10","0","0"
"20240223","4호선","서해선","589","471","11","19","0","70","18","0","0","0"
"20240223","4호선","수인선","396","275","15","12","0","87","7","0","0","0"
"20240223","4호선","신림선","970","753","15","22","0","160","20","0","0","0"
"20240223","4호선","신분당선","2246","1861","39","44","0","258","41","3","0","0"
"20240223","4호선","신분당선(연장)","1691","1250","40","39","0","337","22","3","0","0"
"20240223","4호선","신분당선(연장2)","703","595","11","15","0","68","14","0","0","0"
"20240223","4호선","안산선","6947","5640","121","195","0","837","141","13","0","0"
"20240223","4호선","에버라인선","73","35","5","1","0","30","2","0","0","0"
"20240223","4호선","우이신설선","5476","3228","87","110","0","1786","255","7","0","3"
"20240223","4호선","의정부선","1164","965","30","45","0","103","20","1","0","0"
"20240223","4호선","인천1호선","1362","1096","26","43","0","158","37","2","0","0"
"20240223","4호선","인천2호선","1137","909","20","39","0","141","25","1","0","2"
"20240223","4호선","일산선","5090","3982","84","152","0","749","116","7","0","0"
"20240223","4호선","장항선","74","40","2","1","0","29","2","0","0","0"
"20240223","4호선","중앙선","4445","3385","83","156","0","703","112","6","0","0"
"20240223","4호선","진접선","8778","6676","293","433","0","1187","173","16","0","0"
"20240223","5호선","1호선","10001","7302","138","121","0","2099","317","21","0","3"
"20240223","5호선","2호선","90663","75917","1200","1877","0","9599","1893","113","0","64"
"20240223","5호선","3호선","31892","25486","504","699","0","4450","686","51","0","16"
"20240223","5호선","4호선","34866","28995","614","708","0","3756","728","57","0","8"
"20240223","5호선","5호선","359704","268768","8156","8718","0","62905","10493","583","0","81"
"20240223","5호선","6호선","30623","25264","420","607","0","3615","672","38","0","7"
"20240223","5호선","7호선","36796","28977","414","609","0","5654","1046","72","0","24"
"20240223","5호선","7호선(인천)","1678","1410","15","19","0","200","33","1","0","0"
"20240223","5호선","8호선","24245","18462","370","458","0","4247","666","39","0","3"
"20240223","5호선","9호선","20727","16601","233","355","0","3002","501","27","0","8"
"20240223","5호선","9호선(연장)","10348","7987","156","192","0","1684","231","96","0","2"
"20240223","5호선","경강선","434","314","6","12","0","97","4","1","0","0"
"20240223","5호선","경부선","17118","14208","217","379","0","1878","414","22","0","0"
"20240223","5호선","경원선","7074","5241","110","175","0","1313","221","14","0","0"
"20240223","5호선","경의중앙선","6078","4974","74","95","0","794","124","17","0","0"
"20240223","5호선","경인선","9240","7530","120","158","0","1213","208","11","0","0"
"20240223","5호선","경춘선","1412","935","31","35","0","364","41","6","0","0"
"20240223","5호선","공항철도1호선","9834","8545","174","188","0","752","162","13","0","0"
"20240223","5호선","과천선","2293","1776","37","31","0","384","58","7","0","0"
"20240223","5호선","김포골드라인","5726","4302","120","156","0","1003","131","14","0","0"
"20240223","5호선","분당선","13641","11326","150","251","0","1651","249","14","0","0"
"20240223","5호선","서해선","1808","1478","22","32","0","231","42","3","0","0"
"20240223","5호선","수인선","297","211","10","9","0","60","7","0","0","0"
"20240223","5호선","신림선","1329","1042","11","19","0","215","39","1","0","2"
"20240223","5호선","신분당선","2201","1827","19","24","0","277","53","1","0","0"
"20240223","5호선","신분당선(연장)","1186","916","12","20","0","219","17","2","0","0"
"20240223","5호선","신분당선(연장2)","557","462","7","11","0","65","12","0","0","0"
"20240223","5호선","안산선","1321","1046","30","47","0","168","28","2","0","0"
"20240223","5호선","에버라인선","98","48","2","9","0","35","4","0","0","0"
"20240223","5호선","우이신설선","1573","1161","20","45","0","282","61","4","0","0"
"20240223","5호선","의정부선","221","190","5","6","0","18","2","0","0","0"
"20240223","5호선","인천1호선","3059","2555","33","48","0","341","79","2","0","1"
"20240223","5호선","인천2호선","2281","1874","40","55","0","256","51","5","0","0"
"20240223","5호선","일산선","3776","2995","35","56","0","590","90","10","0","0"
"20240223","5호선","장항선","72","27","3","8","0","31","2","1","0","0"
"20240223","5호선","중앙선","3670","2771","55","90","0","642","104","8","0","0"
"20240223","5호선","진접선","540","430","20","18","0","57","15","0","0","0"
"20240223","6호선","1호선","12905","8988","142","227","0","3036","483","25","0","4"
"20240223","6호선","2호선","54670","46615","762","1332","0","4879","1007","56","0","19"
"20240223","6호선","3호선","33272","25879","479","822","0","5247","799","41","0","5"
"20240223","6호선","4호선","21726","17731","361","423","0","2678","487","38","0","8"
"20240223","6호선","5호선","30992","25736","394","614","0","3543","649","47","0","9"
"20240223","6호선","6호선","138350","105807","2331","3527","0","22592","3824","234","0","35"
"20240223","6호선","7호선","19208","14939","257","431","0","2979","534","61","0","7"
"20240223","6호선","7호선(인천)","700","585","15","22","0","61","16","1","0","0"
"20240223","6호선","8호선","2321","1971","24","58","0","221","44","3","0","0"
"20240223","6호선","9호선","5885","4880","76","118","0","664","139","7","0","1"
"20240223","6호선","9호선(연장)","1545","1270","23","22","0","177","33","20","0","0"
"20240223","6호선","경강선","212","153","6","17","0","33","2","1","0","0"
"20240223","6호선","경부선","7493","6193","126","247","0","768","151","8","0","0"
"20240223","6호선","경원선","6831","4790","104","175","0","1453","296","13","0","0"
"20240223","6호선","경의중앙선","7474","5683","106","177","0","1275","219","14","0","0"
"20240223","6호선","경인선","3284","2642","36","105","0","409","89","3","0","0"
"20240223","6호선","경춘선","1880","1312","40","86","0","373","63","6","0","0"
"20240223","6호선","공항철도1호선","8683","7553","119","177","0","674","149","11","0","0"
"20240223","6호선","과천선","3632","3020","49","69","0","429","59","6","0","0"
"20240223","6호선","김포골드라인","995","789","12","22","0","148","22","2","0","0"
"20240223","6호선","분당선","3578","3055","38","109","0","320","55","1","0","0"
"20240223","6호선","서해선","435","352","2","14","0","55","12","0","0","0"
"20240223","6호선","수인선","148","117","4","4","0","20","3","0","0","0"
"20240223","6호선","신림선","586","453","10","14","0","91","17","0","0","1"
"20240223","6호선","신분당선","1544","1310","15","31","0","157","30","1","0","0"
"20240223","6호선","신분당선(연장)","864","699","12","43","0","95","14","1","0","0"
"20240223","6호선","신분당선(연장2)","475","405","8","17","0","39","6","0","0","0"
"20240223","6호선","안산선","1498","1242","21","79","0","133","21","2","0","0"
"20240223","6호선","에버라인선","33","18","2","4","0","8","1","0","0","0"
"20240223","6호선","우이신설선","4608","3276","86","168","0","910","159","9","0","0"
"20240223","6호선","의정부선","286","244","8","9","0","20","5","0","0","0"
"20240223","6호선","인천1호선","1579","1360","16","32","0","146","23","2","0","0"
"20240223","6호선","인천2호선","1093","909","8","34","0","122","20","0","0","0"
"20240223","6호선","일산선","4495","3361","54","136","0","819","119","6","0","0"
"20240223","6호선","장항선","34","16","0","1","0","15","2","0","0","0"
"20240223","6호선","중앙선","2504","1862","39","76","0","448","73","6","0","0"
"20240223","6호선","진접선","273","213","6","7","0","39","8","0","0","0"
"20240223","7호선","1호선","7143","5077","44","72","0","1650","268","31","0","1"
"20240223","7호선","2호선","72965","60791","918","1735","0","7759","1597","95","0","70"
"20240223","7호선","3호선","35575","29492","446","709","0","4270","594","38","0","26"
"20240223","7호선","4호선","18822","14564","237","336","0","3168","491","17","0","9"
"20240223","7호선","5호선","37023","29363","369","590","0","5588","1021","71","0","21"
"20240223","7호선","6호선","19471","15108","285","472","0","3023","516","59","0","8"
"20240223","7호선","7호선","300603","233514","4110","5856","0","47524","8865","544","0","190"
"20240223","7호선","7호선(인천)","24470","21602","267","367","0","1825","375","20","0","14"
"20240223","7호선","8호선","7214","6104","58","83","0","817","142","9","0","1"
"20240223","7호선","9호선","7496","6216","87","150","0","873","156","10","0","4"
"20240223","7호선","9호선(연장)","4025","3186","81","110","0","514","83","50","0","1"
"20240223","7호선","경강선","700","514","11","26","0","126","20","3","0","0"
"20240223","7호선","경부선","19242","15674","197","360","0","2440","540","31","0","0"
"20240223","7호선","경원선","12423","8657","132","282","0","2819","504","29","0","0"
"20240223","7호선","경의중앙선","2106","1699","27","55","0","289","32","4","0","0"
"20240223","7호선","경인선","10421","8222","85","179","0","1605","312","18","0","0"
"20240223","7호선","경춘선","5104","3644","73","169","0","1051","156","11","0","0"
"20240223","7호선","공항철도1호선","1536","1321","28","39","0","118","30","0","0","0"
"20240223","7호선","과천선","6522","5326","70","100","0","894","120","12","0","0"
"20240223","7호선","김포골드라인","687","552","5","11","0","112","6","1","0","0"
"20240223","7호선","분당선","20814","17521","204","465","0","2249","360","15","0","0"
"20240223","7호선","서해선","2979","2467","40","35","0","369","62","6","0","0"
"20240223","7호선","수인선","427","344","5","11","0","53","14","0","0","0"
"20240223","7호선","신림선","5749","4226","66","103","0","1149","180","16","0","9"
"20240223","7호선","신분당선","10631","9257","99","194","0","905","163","13","0","0"
"20240223","7호선","신분당선(연장)","3525","2893","37","59","0","481","51","4","0","0"
"20240223","7호선","신분당선(연장2)","3356","2897","47","86","0","264","58","4","0","0"
"20240223","7호선","안산선","3841","3298","32","75","0","364","69","3","0","0"
"20240223","7호선","에버라인선","206","133","4","10","0","54","5","0","0","0"
"20240223","7호선","우이신설선","966","658","15","28","0","223","40","2","0","0"
"20240223","7호선","의정부선","765","600","19","22","0","94","29","1","0","0"
"20240223","7호선","인천1호선","5066","4420","37","76","0","433","83","7","0","10"
"20240223","7호선","인천2호선","3029","2633","17","46","0","272","55","2","0","4"
"20240223","7호선","일산선","1949","1596","15","38","0","260","37","3","0","0"
"20240223","7호선","장항선","113","61","1","9","0","39","3","0","0","0"
"20240223","7호선","중앙선","6856","4838","111","158","0","1510","228","11","0","0"
"20240223","7호선","진접선","264","187","3","8","0","56","7","3","0","0"
"20240223","7호선(인천)","1호선","1941","1602","14","38","0","243","42","2","0","0"
"20240223","7호선(인천)","2호선","9795","8577","146","243","0","658","158","7","0","6"
"20240223","7호선(인천)","3호선","3503","3100","33","71","0","253","41","3","0","2"
"20240223","7호선(인천)","4호선","1376","1136","24","46","0","142","28","0","0","0"
"20240223","7호선(인천)","5호선","1795","1510","16","19","0","209","39","2","0","0"
"20240223","7호선(인천)","6호선","700","586","10","20","0","69","14","1","0","0"
"20240223","7호선(인천)","7호선","25604","22691","291","391","0","1793","403","19","0","16"
"20240223","7호선(인천)","7호선(인천)","455","416","7","24","0","7","1","0","0","0"
"20240223","7호선(인천)","8호선","219","196","2","3","0","16","2","0","0","0"
"20240223","7호선(인천)","9호선","988","855","4","14","0","79","35","1","0","0"
"20240223","7호선(인천)","9호선(연장)","457","394","8","18","0","26","5","6","0","0"
"20240223","7호선(인천)","경부선","485","474","3","8","0","0","0","0","0","0"
"20240223","7호선(인천)","경원선","18","18","0","0","0","0","0","0","0","0"
"20240223","7호선(인천)","경의중앙선","19","15","2","2","0","0","0","0","0","0"
"20240223","7호선(인천)","경인선","116","109","1","6","0","0","0","0","0","0"
"20240223","7호선(인천)","공항철도1호선","49","48","0","1","0","0","0","0","0","0"
"20240223","7호선(인천)","과천선","35","34","0","1","0","0","0","0","0","0"
"20240223","7호선(인천)","김포골드라인","3","3","0","0","0","0","0","0","0","0"
"20240223","7호선(인천)","분당선","43","40","2","1","0","0","0","0","0","0"
"20240223","7호선(인천)","서해선","45","43","1","1","0","0","0","0","0","0"
"20240223","7호선(인천)","수인선","1","1","0","0","0","0","0","0","0","0"
"20240223","7호선(인천)","신림선","119","111","5","3","0","0","0","0","0","0"
"20240223","7호선(인천)","신분당선","27","27","0","0","0","0","0","0","0","0"
"20240223","7호선(인천)","신분당선(연장)","1","1","0","0","0","0","0","0","0","0"
"20240223","7호선(인천)","신분당선(연장2)","6","6","0","0","0","0","0","0","0","0"
"20240223","7호선(인천)","안산선","4","4","0","0","0","0","0","0","0","0"
"20240223","7호선(인천)","우이신설선","5","5","0","0","0","0","0","0","0","0"
"20240223","7호선(인천)","인천1호선","46","45","1","0","0","0","0","0","0","0"
"20240223","7호선(인천)","인천2호선","25","25","0","0","0","0","0","0","0","0"
"20240223","7호선(인천)","일산선","19","17","2","0","0","0","0","0","0","0"
"20240223","7호선(인천)","중앙선","9","8","0","1","0","0","0","0","0","0"
"20240223","8호선","1호선","917","665","5","9","0","206","29","1","0","2"
"20240223","8호선","2호선","34996","30262","335","570","0","3203","560","49","0","17"
"20240223","8호선","3호선","14466","11491","199","206","0","2232","323","15","0","0"
"20240223","8호선","4호선","3779","3138","52","85","0","438","62","3","0","1"
"20240223","8호선","5호선","22619","16953","287","349","0","4348","638","40","0","4"
"20240223","8호선","6호선","2085","1735","23","47","0","234","44","2","0","0"
"20240223","8호선","7호선","6477","5486","48","68","0","721","141","11","0","2"
"20240223","8호선","7호선(인천)","227","194","1","2","0","27","3","0","0","0"
"20240223","8호선","8호선","81108","59216","1541","1973","0","15777","2465","124","0","12"
"20240223","8호선","9호선","6964","6216","59","100","0","487","97","5","0","0"
"20240223","8호선","9호선(연장)","6288","4872","71","106","0","1057","149","31","0","2"
"20240223","8호선","경강선","1654","1291","23","27","0","265","48","0","0","0"
"20240223","8호선","경부선","1368","1083","18","26","0","196","39","6","0","0"
"20240223","8호선","경원선","1072","830","9","16","0","182","31","4","0","0"
"20240223","8호선","경의중앙선","287","234","2","6","0","37","7","1","0","0"
"20240223","8호선","경인선","814","684","3","12","0","93","21","1","0","0"
"20240223","8호선","경춘선","182","108","2","3","0","61","7","1","0","0"
"20240223","8호선","공항철도1호선","622","543","12","12","0","37","15","3","0","0"
"20240223","8호선","과천선","512","384","9","6","0","100","13","0","0","0"
"20240223","8호선","김포골드라인","248","193","0","5","0","47","3","0","0","0"
"20240223","8호선","분당선","28635","22574","356","548","0","4341","768","48","0","0"
"20240223","8호선","서해선","80","63","0","0","0","15","2","0","0","0"
"20240223","8호선","수인선","207","147","1","7","0","48","4","0","0","0"
"20240223","8호선","신림선","283","229","2","10","0","34","8","0","0","0"
"20240223","8호선","신분당선","615","440","9","13","0","125","27","1","0","0"
"20240223","8호선","신분당선(연장)","1145","894","5","18","0","196","28","4","0","0"
"20240223","8호선","신분당선(연장2)","127","105","1","5","0","13","2","1","0","0"
"20240223","8호선","안산선","276","218","1","14","0","37","5","1","0","0"
"20240223","8호선","에버라인선","437","300","7","29","0","92","7","2","0","0"
"20240223","8호선","우이신설선","263","205","2","9","0","40","6","1","0","0"
"20240223","8호선","의정부선","16","14","0","1","0","1","0","0","0","0"
"20240223","8호선","인천1호선","178","143","2","4","0","20","8","1","0","0"
"20240223","8호선","인천2호선","148","117","3","2","0","25","1","0","0","0"
"20240223","8호선","일산선","405","312","4","7","0","69","13","0","0","0"
"20240223","8호선","장항선","10","7","0","1","0","2","0","0","0","0"
"20240223","8호선","중앙선","486","365","2","9","0","84","25","1","0","0"
"20240223","8호선","진접선","13","9","0","0","0","3","1","0","0","0"
"20240223","9호선","1호선","9083","7543","34","90","0","1167","227","17","0","5"
"20240223","9호선","2호선","35334","30263","147","779","0","3378","698","37","0","32"
"20240223","9호선","3호선","17446","14869","92","389","0","1777","298","20","0","1"
"20240223","9호선","4호선","10453","8621","53","202","0","1348","211","16","0","2"
"20240223","9호선","5호선","21334","17278","72","385","0","3035","527","30","0","7"
"20240223","9호선","6호선","5340","4441","21","82","0","654","131","11","0","0"
"20240223","9호선","7호선","7448","6204","31","117","0","900","183","6","0","7"
"20240223","9호선","7호선(인천)","1021","863","2","16","0","111","28","0","0","1"
"20240223","9호선","8호선","7141","6360","18","127","0","529","99","8","0","0"
"20240223","9호선","9호선","112494","92691","578","2546","0","13630","2867","164","0","18"
"20240223","9호선","9호선(연장)","30023","27160","139","766","0","1581","306","69","0","2"
"20240223","9호선","경강선","491","383","6","28","0","63","11","0","0","0"
"20240223","9호선","경부선","11112","9116","56","265","0","1353","308","14","0","0"
"20240223","9호선","경원선","2528","2088","9","72","0","291","61","7","0","0"
"20240223","9호선","경의중앙선","1869","1552","7","43","0","222","41","4","0","0"
"20240223","9호선","경인선","5901","4850","10","122","0","767","144","8","0","0"
"20240223","9호선","경춘선","168","131","0","9","0","24","4","0","0","0"
"20240223","9호선","공항철도1호선","11915","10680","82","240","0","734","170","9","0","0"
"20240223","9호선","과천선","3924","3411","9","53","0","377","70","4","0","0"
"20240223","9호선","김포골드라인","4821","3865","23","100","0","726","97","10","0","0"
"20240223","9호선","분당선","10815","9539","43","291","0","805","122","15","0","0"
"20240223","9호선","서해선","1554","1305","3","21","0","189","35","1","0","0"
"20240223","9호선","수인선","175","124","1","11","0","30","9","0","0","0"
"20240223","9호선","신림선","2792","2251","16","35","0","393","94","2","0","1"
"20240223","9호선","신분당선","4403","3899","5","66","0","363","63","7","0","0"
"20240223","9호선","신분당선(연장)","2407","2087","16","42","0","234","27","1","0","0"
"20240223","9호선","신분당선(연장2)","285","254","1","5","0","22","3","0","0","0"
"20240223","9호선","안산선","1598","1398","6","58","0","113","21","2","0","0"
"20240223","9호선","에버라인선","60","44","0","3","0","12","1","0","0","0"
"20240223","9호선","우이신설선","346","265","2","4","0","60","15","0","0","0"
"20240223","9호선","의정부선","74","69","0","1","0","4","0","0","0","0"
"20240223","9호선","인천1호선","3257","2803","10","54","0","306","80","4","0","0"
"20240223","9호선","인천2호선","2694","2355","11","62","0","208","53","4","0","1"
"20240223","9호선","일산선","1132","903","5","7","0","187","28","2","0","0"
"20240223","9호선","장항선","34","16","2","5","0","8","2","1","0","0"
"20240223","9호선","중앙선","1168","987","2","30","0","123","24","2","0","0"
"20240223","9호선","진접선","138","110","0","8","0","17","3","0","0","0"
"20240223","9호선(연장)","1호선","1132","912","26","24","0","135","28","6","0","1"
"20240223","9호선(연장)","2호선","13548","11255","298","287","0","1447","192","66","0","3"
"20240223","9호선(연장)","3호선","6057","4877","97","126","0","811","113","31","0","2"
"20240223","9호선(연장)","4호선","3820","3202","97","68","0","382","51","20","0","0"
"20240223","9호선(연장)","5호선","10526","8077","176","205","0","1759","226","80","0","3"
"20240223","9호선(연장)","6호선","1555","1263","26","32","0","179","39","16","0","0"
"20240223","9호선(연장)","7호선","3670","2886","58","69","0","529","78","48","0","2"
"20240223","9호선(연장)","7호선(인천)","414","353","6","26","0","21","5","3","0","0"
"20240223","9호선(연장)","8호선","6125","4722","69","102","0","1047","150","34","0","1"
"20240223","9호선(연장)","9호선","30684","27568","485","692","0","1559","301","78","0","1"
"20240223","9호선(연장)","9호선(연장)","27409","21752","544","601","0","3921","479","107","0","5"
"20240223","9호선(연장)","경강선","213","159","1","4","0","39","4","6","0","0"
"20240223","9호선(연장)","경부선","3095","2558","62","68","0","312","61","34","0","0"
"20240223","9호선(연장)","경원선","805","589","8","15","0","148","28","17","0","0"
"20240223","9호선(연장)","경의중앙선","455","361","9","10","0","54","7","14","0","0"
"20240223","9호선(연장)","경인선","2874","2427","49","80","0","255","41","22","0","0"
"20240223","9호선(연장)","경춘선","72","35","2","2","0","31","2","0","0","0"
"20240223","9호선(연장)","공항철도1호선","2115","1888","68","45","0","90","17","7","0","0"
"20240223","9호선(연장)","과천선","1022","847","18","11","0","125","13","8","0","0"
"20240223","9호선(연장)","김포골드라인","879","734","14","26","0","82","18","5","0","0"
"20240223","9호선(연장)","분당선","5511","4396","82","125","0","792","89","27","0","0"
"20240223","9호선(연장)","서해선","277","235","4","7","0","23","3","5","0","0"
"20240223","9호선(연장)","수인선","75","59","2","2","0","8","2","2","0","0"
"20240223","9호선(연장)","신림선","455","372","4","16","0","53","8","2","0","0"
"20240223","9호선(연장)","신분당선","2015","1698","18","32","0","232","28","7","0","0"
"20240223","9호선(연장)","신분당선(연장)","1336","1089","18","24","0","177","15","13","0","0"
"20240223","9호선(연장)","신분당선(연장2)","910","779","13","18","0","89","11","0","0","0"
"20240223","9호선(연장)","안산선","645","548","8","15","0","56","10","8","0","0"
"20240223","9호선(연장)","에버라인선","52","28","0","4","0","18","2","0","0","0"
"20240223","9호선(연장)","우이신설선","102","70","2","3","0","23","3","1","0","0"
"20240223","9호선(연장)","의정부선","10","6","1","0","0","3","0","0","0","0"
"20240223","9호선(연장)","인천1호선","556","461","17","12","0","49","13","4","0","0"
"20240223","9호선(연장)","인천2호선","486","414","11","15","0","36","6","4","0","0"
"20240223","9호선(연장)","일산선","577","476","8","13","0","68","5","7","0","0"
"20240223","9호선(연장)","장항선","7","5","0","0","0","2","0","0","0","0"
"20240223","9호선(연장)","중앙선","385","293","7","9","0","69","5","2","0","0"
"20240223","9호선(연장)","진접선","19","12","0","0","0","7","0","0","0","0"
"20240223","경강선","1호선","166","102","0","2","0","57","5","0","0","0"
"20240223","경강선","2호선","2219","1651","68","94","0","350","55","1","0","0"
"20240223","경강선","3호선","1144","886","24","28","0","180","24","2","0","0"
"20240223","경강선","4호선","498","369","10","24","0","83","11","1","0","0"
"20240223","경강선","5호선","477","359","8","2","0","95","11","2","0","0"
"20240223","경강선","6호선","257","182","10","19","0","39","7","0","0","0"
"20240223","경강선","7호선","785","589","11","33","0","133","18","1","0","0"
"20240223","경강선","7호선(인천)","1","1","0","0","0","0","0","0","0","0"
"20240223","경강선","8호선","1635","1257","29","42","0","266","37","4","0","0"
"20240223","경강선","9호선","530","405","16","33","0","63","12","1","0","0"
"20240223","경강선","9호선(연장)","256","186","6","13","0","38","6","7","0","0"
"20240223","경강선","경강선","268","245","3","20","0","0","0","0","0","0"
"20240223","경강선","경부선","6","5","0","1","0","0","0","0","0","0"
"20240223","경강선","경원선","11","11","0","0","0","0","0","0","0","0"
"20240223","경강선","경인선","4","3","0","1","0","0","0","0","0","0"
"20240223","경강선","공항철도1호선","1","1","0","0","0","0","0","0","0","0"
"20240223","경강선","과천선","1","1","0","0","0","0","0","0","0","0"
"20240223","경강선","분당선","156","149","0","7","0","0","0","0","0","0"
"20240223","경강선","신분당선","165","156","5","4","0","0","0","0","0","0"
"20240223","경강선","신분당선(연장)","3","3","0","0","0","0","0","0","0","0"
"20240223","경강선","신분당선(연장2)","72","68","1","3","0","0","0","0","0","0"
"20240223","경강선","우이신설선","2","2","0","0","0","0","0","0","0","0"
"20240223","경강선","일산선","1","1","0","0","0","0","0","0","0","0"
"20240223","경강선","중앙선","5","4","0","1","0","0","0","0","0","0"
"20240223","경부선","1호선","31589","25810","361","481","0","4093","790","54","0","0"
"20240223","경부선","2호선","44191","36245","719","1385","0","4838","958","46","0","0"
"20240223","경부선","3호선","9284","7584","169","243","0","1077","198","13","0","0"
"20240223","경부선","4호선","15076","12513","310","438","0","1514","282","19","0","0"
"20240223","경부선","5호선","17840","14874","220","379","0","1922","427","18","0","0"
"20240223","경부선","6호선","8250","6943","119","315","0","724","137","12","0","0"
"20240223","경부선","7호선","19336","15812","183","381","0","2425","506","29","0","0"
"20240223","경부선","7호선(인천)","364","352","5","7","0","0","0","0","0","0"
"20240223","경부선","8호선","1353","1087","21","38","0","173","31","3","0","0"
"20240223","경부선","9호선","11014","9084","137","249","0","1257","265","22","0","0"
"20240223","경부선","9호선(연장)","2841","2306","66","101","0","278","60","30","0","0"
"20240223","경부선","경강선","4","3","0","1","0","0","0","0","0","0"
"20240223","경부선","경부선","19106","18402","247","457","0","0","0","0","0","0"
"20240223","경부선","경원선","1606","1559","15","32","0","0","0","0","0","0"
"20240223","경부선","경의중앙선","723","681","11","31","0","0","0","0","0","0"
"20240223","경부선","경인선","5937","5751","74","112","0","0","0","0","0","0"
"20240223","경부선","경춘선","43","40","1","2","0","0","0","0","0","0"
"20240223","경부선","공항철도1호선","139","135","2","2","0","0","0","0","0","0"
"20240223","경부선","과천선","1359","1305","17","37","0","0","0","0","0","0"
"20240223","경부선","김포골드라인","21","20","0","1","0","0","0","0","0","0"
"20240223","경부선","분당선","454","439","3","12","0","0","0","0","0","0"
"20240223","경부선","서해선","296","285","6","5","0","0","0","0","0","0"
"20240223","경부선","수인선","116","112","1","3","0","0","0","0","0","0"
"20240223","경부선","신림선","273","260","8","5","0","0","0","0","0","0"
"20240223","경부선","신분당선","20","20","0","0","0","0","0","0","0","0"
"20240223","경부선","신분당선(연장)","4","4","0","0","0","0","0","0","0","0"
"20240223","경부선","신분당선(연장2)","5","5","0","0","0","0","0","0","0","0"
"20240223","경부선","안산선","930","889","16","25","0","0","0","0","0","0"
"20240223","경부선","에버라인선","37","30","4","3","0","0","0","0","0","0"
"20240223","경부선","우이신설선","170","157","6","7","0","0","0","0","0","0"
"20240223","경부선","의정부선","21","21","0","0","0","0","0","0","0","0"
"20240223","경부선","인천1호선","466","454","4","8","0","0","0","0","0","0"
"20240223","경부선","인천2호선","223","217","1","5","0","0","0","0","0","0"
"20240223","경부선","일산선","103","99","1","3","0","0","0","0","0","0"
"20240223","경부선","장항선","45","43","0","2","0","0","0","0","0","0"
"20240223","경부선","중앙선","823","765","14","44","0","0","0","0","0","0"
"20240223","경부선","진접선","15","14","0","1","0","0","0","0","0","0"
"20240223","경원선","1호선","27595","19146","249","400","0","6627","1095","78","0","0"
"20240223","경원선","2호선","18349","14838","291","668","0","2128","397","27","0","0"
"20240223","경원선","3호선","9137","6996","155","257","0","1488","226","15","0","0"
"20240223","경원선","4호선","23610","15749","401","735","0","5755","901","69","0","0"
"20240223","경원선","5호선","7368","5584","107","222","0","1233","209","13","0","0"
"20240223","경원선","6호선","7429","5253","125","253","0","1524","263","11","0","0"
"20240223","경원선","7호선","14343","9980","171","399","0","3235","525","33","0","0"
"20240223","경원선","7호선(인천)","18","17","0","1","0","0","0","0","0","0"
"20240223","경원선","8호선","1251","983","8","23","0","187","47","3","0","0"
"20240223","경원선","9호선","2589","2117","34","76","0","279","75","8","0","0"
"20240223","경원선","9호선(연장)","798","591","19","17","0","129","21","21","0","0"
"20240223","경원선","경강선","13","13","0","0","0","0","0","0","0","0"
"20240223","경원선","경부선","1650","1602","14","34","0","0","0","0","0","0"
"20240223","경원선","경원선","4461","4145","121","195","0","0","0","0","0","0"
"20240223","경원선","경의중앙선","415","397","7","11","0","0","0","0","0","0"
"20240223","경원선","경인선","393","371","6","16","0","0","0","0","0","0"
"20240223","경원선","경춘선","109","103","1","5","0","0","0","0","0","0"
"20240223","경원선","공항철도1호선","103","95","2","6","0","0","0","0","0","0"
"20240223","경원선","과천선","92","88","0","4","0","0","0","0","0","0"
"20240223","경원선","김포골드라인","3","2","1","0","0","0","0","0","0","0"
"20240223","경원선","분당선","1614","1523","32","59","0","0","0","0","0","0"
"20240223","경원선","서해선","17","17","0","0","0","0","0","0","0","0"
"20240223","경원선","수인선","6","2","2","2","0","0","0","0","0","0"
"20240223","경원선","신림선","80","72","2","6","0","0","0","0","0","0"
"20240223","경원선","신분당선","58","57","0","1","0","0","0","0","0","0"
"20240223","경원선","신분당선(연장)","10","10","0","0","0","0","0","0","0","0"
"20240223","경원선","신분당선(연장2)","6","6","0","0","0","0","0","0","0","0"
"20240223","경원선","안산선","18","16","1","1","0","0","0","0","0","0"
"20240223","경원선","에버라인선","7","6","0","1","0","0","0","0","0","0"
"20240223","경원선","우이신설선","95","90","3","2","0","0","0","0","0","0"
"20240223","경원선","의정부선","112","106","2","4","0","0","0","0","0","0"
"20240223","경원선","인천1호선","24","24","0","0","0","0","0","0","0","0"
"20240223","경원선","인천2호선","10","8","0","2","0","0","0","0","0","0"
"20240223","경원선","일산선","57","56","1","0","0","0","0","0","0","0"
"20240223","경원선","장항선","2","1","0","1","0","0","0","0","0","0"
"20240223","경원선","중앙선","1688","1577","36","75","0","0","0","0","0","0"
"20240223","경원선","진접선","15","14","1","0","0","0","0","0","0","0"
"20240223","경의중앙선","1호선","1141","676","11","15","0","386","47","6","0","0"
"20240223","경의중앙선","2호선","12916","10824","246","456","0","1155","219","16","0","0"
"20240223","경의중앙선","3호선","4792","3558","66","128","0","901","128","11","0","0"
"20240223","경의중앙선","4호선","2312","1755","51","77","0","360","66","3","0","0"
"20240223","경의중앙선","5호선","7147","6041","72","103","0","779","138","14","0","0"
"20240223","경의중앙선","6호선","8099","6270","118","225","0","1250","220","16","0","0"
"20240223","경의중앙선","7호선","2166","1798","18","37","0","271","40","2","0","0"
"20240223","경의중앙선","7호선(인천)","21","19","2","0","0","0","0","0","0","0"
"20240223","경의중앙선","8호선","340","280","3","3","0","46","7","1","0","0"
"20240223","경의중앙선","9호선","2146","1777","17","41","0","251","57","3","0","0"
"20240223","경의중앙선","9호선(연장)","480","392","8","11","0","52","6","11","0","0"
"20240223","경의중앙선","경강선","2","2","0","0","0","0","0","0","0","0"
"20240223","경의중앙선","경부선","758","719","16","23","0","0","0","0","0","0"
"20240223","경의중앙선","경원선","435","417","8","10","0","0","0","0","0","0"
"20240223","경의중앙선","경의중앙선","7667","7315","139","213","0","0","0","0","0","0"
"20240223","경의중앙선","경인선","67","66","0","1","0","0","0","0","0","0"
"20240223","경의중앙선","경춘선","24","23","0","1","0","0","0","0","0","0"
"20240223","경의중앙선","공항철도1호선","169","157","3","9","0","0","0","0","0","0"
"20240223","경의중앙선","과천선","81","79","0","2","0","0","0","0","0","0"
"20240223","경의중앙선","김포골드라인","16","15","0","1","0","0","0","0","0","0"
"20240223","경의중앙선","분당선","258","248","2","8","0","0","0","0","0","0"
"20240223","경의중앙선","서해선","96","89","1","6","0","0","0","0","0","0"
"20240223","경의중앙선","수인선","3","3","0","0","0","0","0","0","0","0"
"20240223","경의중앙선","신림선","10","10","0","0","0","0","0","0","0","0"
"20240223","경의중앙선","신분당선","8","8","0","0","0","0","0","0","0","0"
"20240223","경의중앙선","신분당선(연장)","4","4","0","0","0","0","0","0","0","0"
"20240223","경의중앙선","안산선","20","19","0","1","0","0","0","0","0","0"
"20240223","경의중앙선","우이신설선","15","14","0","1","0","0","0","0","0","0"
"20240223","경의중앙선","의정부선","1","1","0","0","0","0","0","0","0","0"
"20240223","경의중앙선","인천1호선","11","11","0","0","0","0","0","0","0","0"
"20240223","경의중앙선","인천2호선","15","15","0","0","0","0","0","0","0","0"
"20240223","경의중앙선","일산선","296","283","7","6","0","0","0","0","0","0"
"20240223","경의중앙선","중앙선","348","335","3","10","0","0","0","0","0","0"
"20240223","경인선","1호선","18515","14932","180","269","0","2622","475","37","0","0"
"20240223","경인선","2호선","40023","33400","576","994","0","4182","820","51","0","0"
"20240223","경인선","3호선","5743","4662","74","150","0","720","127","10","0","0"
"20240223","경인선","4호선","5748","4686","97","178","0","652","126","9","0","0"
"20240223","경인선","5호선","9720","8100","111","138","0","1130","227","14","0","0"
"20240223","경인선","6호선","3392","2737","35","122","0","412","84","2","0","0"
"20240223","경인선","7호선","10065","7924","92","172","0","1553","304","20","0","0"
"20240223","경인선","7호선(인천)","91","86","3","2","0","0","0","0","0","0"
"20240223","경인선","8호선","916","758","8","15","0","111","22","2","0","0"
"20240223","경인선","9호선","6134","5069","61","121","0","723","155","5","0","0"
"20240223","경인선","9호선(연장)","2991","2546","72","76","0","241","32","24","0","0"
"20240223","경인선","경강선","2","1","1","0","0","0","0","0","0","0"
"20240223","경인선","경부선","6811","6607","80","124","0","0","0","0","0","0"
"20240223","경인선","경원선","368","350","3","15","0","0","0","0","0","0"
"20240223","경인선","경의중앙선","80","78","2","0","0","0","0","0","0","0"
"20240223","경인선","경인선","4158","3888","112","158","0","0","0","0","0","0"
"20240223","경인선","경춘선","6","6","0","0","0","0","0","0","0","0"
"20240223","경인선","공항철도1호선","58","55","0","3","0","0","0","0","0","0"
"20240223","경인선","과천선","123","122","1","0","0","0","0","0","0","0"
"20240223","경인선","김포골드라인","5","5","0","0","0","0","0","0","0","0"
"20240223","경인선","분당선","83","82","1","0","0","0","0","0","0","0"
"20240223","경인선","서해선","157","148","2","7","0","0","0","0","0","0"
"20240223","경인선","수인선","45","31","10","4","0","0","0","0","0","0"
"20240223","경인선","신림선","50","49","0","1","0","0","0","0","0","0"
"20240223","경인선","신분당선","27","27","0","0","0","0","0","0","0","0"
"20240223","경인선","신분당선(연장)","1","1","0","0","0","0","0","0","0","0"
"20240223","경인선","신분당선(연장2)","1","1","0","0","0","0","0","0","0","0"
"20240223","경인선","안산선","36","32","2","2","0","0","0","0","0","0"
"20240223","경인선","에버라인선","1","1","0","0","0","0","0","0","0","0"
"20240223","경인선","우이신설선","40","37","0","3","0","0","0","0","0","0"
"20240223","경인선","의정부선","2","2","0","0","0","0","0","0","0","0"
"20240223","경인선","인천1호선","305","284","5","16","0","0","0","0","0","0"
"20240223","경인선","인천2호선","89","88","1","0","0","0","0","0","0","0"
"20240223","경인선","일산선","63","58","1","4","0","0","0","0","0","0"
"20240223","경인선","장항선","1","1","0","0","0","0","0","0","0","0"
"20240223","경인선","중앙선","206","183","5","18","0","0","0","0","0","0"
"20240223","경인선","진접선","4","4","0","0","0","0","0","0","0","0"
"20240223","경춘선","1호선","1773","1092","27","32","0","534","83","5","0","0"
"20240223","경춘선","2호선","2576","1935","49","94","0","433","62","3","0","0"
"20240223","경춘선","3호선","1112","825","18","26","0","219","23","1","0","0"
"20240223","경춘선","4호선","803","544","21","25","0","179","33","1","0","0"
"20240223","경춘선","5호선","1584","1115","22","40","0","351","50","6","0","0"
"20240223","경춘선","6호선","2153","1548","49","112","0","382","59","3","0","0"
"20240223","경춘선","7호선","5344","3838","99","180","0","1064","148","15","0","0"
"20240223","경춘선","8호선","244","168","3","3","0","64","4","2","0","0"
"20240223","경춘선","9호선","189","135","6","10","0","31","6","1","0","0"
"20240223","경춘선","9호선(연장)","84","36","3","3","0","38","2","2","0","0"
"20240223","경춘선","경부선","37","36","0","1","0","0","0","0","0","0"
"20240223","경춘선","경원선","112","105","1","6","0","0","0","0","0","0"
"20240223","경춘선","경의중앙선","28","28","0","0","0","0","0","0","0","0"
"20240223","경춘선","경인선","4","4","0","0","0","0","0","0","0","0"
"20240223","경춘선","경춘선","520","478","15","27","0","0","0","0","0","0"
"20240223","경춘선","공항철도1호선","7","6","1","0","0","0","0","0","0","0"
"20240223","경춘선","과천선","4","4","0","0","0","0","0","0","0","0"
"20240223","경춘선","김포골드라인","1","1","0","0","0","0","0","0","0","0"
"20240223","경춘선","분당선","36","35","0","1","0","0","0","0","0","0"
"20240223","경춘선","신림선","2","2","0","0","0","0","0","0","0","0"
"20240223","경춘선","신분당선","10","10","0","0","0","0","0","0","0","0"
"20240223","경춘선","우이신설선","34","23","6","5","0","0","0","0","0","0"
"20240223","경춘선","일산선","2","2","0","0","0","0","0","0","0","0"
"20240223","경춘선","중앙선","394","368","9","17","0","0","0","0","0","0"
"20240223","공항철도1호선","1호선","3653","3383","19","34","0","182","31","4","0","0"
"20240223","공항철도1호선","2호선","16972","15408","138","616","0","610","187","13","0","0"
"20240223","공항철도1호선","3호선","4070","3641","28","95","0","264","42","0","0","0"
"20240223","공항철도1호선","4호선","9824","9035","101","160","0","437","84","7","0","0"
"20240223","공항철도1호선","5호선","10586","9389","60","209","0","757","162","9","0","0"
"20240223","공항철도1호선","6호선","9304","8243","81","157","0","644","166","13","0","0"
"20240223","공항철도1호선","7호선","1640","1453","14","32","0","114","26","1","0","0"
"20240223","공항철도1호선","7호선(인천)","26","26","0","0","0","0","0","0","0","0"
"20240223","공항철도1호선","8호선","804","706","11","11","0","62","12","2","0","0"
"20240223","공항철도1호선","9호선","14175","12837","100","270","0","794","169","5","0","0"
"20240223","공항철도1호선","9호선(연장)","2703","2484","26","66","0","99","21","7","0","0"
"20240223","공항철도1호선","경부선","162","154","0","8","0","0","0","0","0","0"
"20240223","공항철도1호선","경원선","110","101","2","7","0","0","0","0","0","0"
"20240223","공항철도1호선","경의중앙선","185","179","1","5","0","0","0","0","0","0"
"20240223","공항철도1호선","경인선","79","77","0","2","0","0","0","0","0","0"
"20240223","공항철도1호선","경춘선","5","5","0","0","0","0","0","0","0","0"
"20240223","공항철도1호선","공항철도1호선","3734","3642","14","72","0","4","2","0","0","0"
"20240223","공항철도1호선","과천선","76","75","0","1","0","0","0","0","0","0"
"20240223","공항철도1호선","김포골드라인","169","165","1","3","0","0","0","0","0","0"
"20240223","공항철도1호선","분당선","82","79","0","3","0","0","0","0","0","0"
"20240223","공항철도1호선","서해선","81","78","1","2","0","0","0","0","0","0"
"20240223","공항철도1호선","수인선","10","10","0","0","0","0","0","0","0","0"
"20240223","공항철도1호선","신림선","18","18","0","0","0","0","0","0","0","0"
"20240223","공항철도1호선","신분당선","24","24","0","0","0","0","0","0","0","0"
"20240223","공항철도1호선","신분당선(연장)","5","5","0","0","0","0","0","0","0","0"
"20240223","공항철도1호선","신분당선(연장2)","1","1","0","0","0","0","0","0","0","0"
"20240223","공항철도1호선","안산선","7","7","0","0","0","0","0","0","0","0"
"20240223","공항철도1호선","우이신설선","26","26","0","0","0","0","0","0","0","0"
"20240223","공항철도1호선","인천1호선","339","330","2","7","0","0","0","0","0","0"
"20240223","공항철도1호선","인천2호선","249","244","0","5","0","0","0","0","0","0"
"20240223","공항철도1호선","일산선","23","20","0","3","0","0","0","0","0","0"
"20240223","공항철도1호선","중앙선","110","106","0","4","0","0","0","0","0","0"
"20240223","공항철도1호선","진접선","7","6","0","1","0","0","0","0","0","0"
"20240223","과천선","1호선","3378","2762","29","30","0","479","71","7","0","0"
"20240223","과천선","2호선","18464","15328","266","366","0","2157","323","24","0","0"
"20240223","과천선","3호선","3772","2957","43","81","0","616","66","9","0","0"
"20240223","과천선","4호선","16720","13512","256","271","0","2333","317","31","0","0"
"20240223","과천선","5호선","2298","1789","36","29","0","385","56","3","0","0"
"20240223","과천선","6호선","3793","3202","43","78","0","416","48","6","0","0"
"20240223","과천선","7호선","6628","5467","55","101","0","868","126","11","0","0"
"20240223","과천선","7호선(인천)","34","34","0","0","0","0","0","0","0","0"
"20240223","과천선","8호선","495","371","4","7","0","101","12","0","0","0"
"20240223","과천선","9호선","4074","3534","40","58","0","367","67","8","0","0"
"20240223","과천선","9호선(연장)","1029","872","23","13","0","102","11","8","0","0"
"20240223","과천선","경강선","1","1","0","0","0","0","0","0","0","0"
"20240223","과천선","경부선","1296","1254","17","25","0","0","0","0","0","0"
"20240223","과천선","경원선","102","98","0","4","0","0","0","0","0","0"
"20240223","과천선","경의중앙선","92","90","2","0","0","0","0","0","0","0"
"20240223","과천선","경인선","109","109","0","0","0","0","0","0","0","0"
"20240223","과천선","경춘선","3","3","0","0","0","0","0","0","0","0"
"20240223","과천선","공항철도1호선","56","56","0","0","0","0","0","0","0","0"
"20240223","과천선","과천선","1180","1094","29","57","0","0","0","0","0","0"
"20240223","과천선","김포골드라인","10","9","0","1","0","0","0","0","0","0"
"20240223","과천선","분당선","73","69","0","4","0","0","0","0","0","0"
"20240223","과천선","서해선","33","33","0","0","0","0","0","0","0","0"
"20240223","과천선","수인선","20","20","0","0","0","0","0","0","0","0"
"20240223","과천선","신림선","35","32","0","3","0","0","0","0","0","0"
"20240223","과천선","신분당선","4","4","0","0","0","0","0","0","0","0"
"20240223","과천선","신분당선(연장)","1","1","0","0","0","0","0","0","0","0"
"20240223","과천선","신분당선(연장2)","2","2","0","0","0","0","0","0","0","0"
"20240223","과천선","안산선","480","460","4","16","0","0","0","0","0","0"
"20240223","과천선","에버라인선","1","1","0","0","0","0","0","0","0","0"
"20240223","과천선","우이신설선","27","22","4","1","0","0","0","0","0","0"
"20240223","과천선","인천1호선","17","17","0","0","0","0","0","0","0","0"
"20240223","과천선","인천2호선","12","12","0","0","0","0","0","0","0","0"
"20240223","과천선","일산선","19","19","0","0","0","0","0","0","0","0"
"20240223","과천선","장항선","6","6","0","0","0","0","0","0","0","0"
"20240223","과천선","중앙선","79","70","3","6","0","0","0","0","0","0"
"20240223","과천선","진접선","3","3","0","0","0","0","0","0","0","0"
"20240223","김포골드라인","1호선","722","507","11","14","0","164","24","2","0","0"
"20240223","김포골드라인","2호선","3513","2777","78","139","0","465","50","4","0","0"
"20240223","김포골드라인","3호선","1222","951","21","43","0","190","15","2","0","0"
"20240223","김포골드라인","4호선","1323","1008","32","51","0","214","15","3","0","0"
"20240223","김포골드라인","5호선","5536","4179","118","143","0","962","124","10","0","0"
"20240223","김포골드라인","6호선","1131","904","19","40","0","142","25","1","0","0"
"20240223","김포골드라인","7호선","754","619","4","8","0","108","13","2","0","0"
"20240223","김포골드라인","7호선(인천)","7","7","0","0","0","0","0","0","0","0"
"20240223","김포골드라인","8호선","272","212","3","7","0","45","5","0","0","0"
"20240223","김포골드라인","9호선","5663","4704","70","100","0","676","107","6","0","0"
"20240223","김포골드라인","9호선(연장)","1117","946","25","34","0","92","12","8","0","0"
"20240223","김포골드라인","경부선","22","21","0","1","0","0","0","0","0","0"
"20240223","김포골드라인","경원선","10","10","0","0","0","0","0","0","0","0"
"20240223","김포골드라인","경의중앙선","36","33","0","3","0","0","0","0","0","0"
"20240223","김포골드라인","경인선","13","12","1","0","0","0","0","0","0","0"
"20240223","김포골드라인","공항철도1호선","266","257","3","6","0","0","0","0","0","0"
"20240223","김포골드라인","과천선","14","14","0","0","0","0","0","0","0","0"
"20240223","김포골드라인","김포골드라인","287","265","4","14","0","3","1","0","0","0"
"20240223","김포골드라인","분당선","34","34","0","0","0","0","0","0","0","0"
"20240223","김포골드라인","서해선","58","56","2","0","0","0","0","0","0","0"
"20240223","김포골드라인","수인선","1","1","0","0","0","0","0","0","0","0"
"20240223","김포골드라인","신림선","2","2","0","0","0","0","0","0","0","0"
"20240223","김포골드라인","신분당선","17","17","0","0","0","0","0","0","0","0"
"20240223","김포골드라인","안산선","5","5","0","0","0","0","0","0","0","0"
"20240223","김포골드라인","우이신설선","1","1","0","0","0","0","0","0","0","0"
"20240223","김포골드라인","인천1호선","13","13","0","0","0","0","0","0","0","0"
"20240223","김포골드라인","인천2호선","9","8","0","1","0","0","0","0","0","0"
"20240223","김포골드라인","일산선","33","31","1","1","0","0","0","0","0","0"
"20240223","김포골드라인","중앙선","14","11","0","3","0","0","0","0","0","0"
"20240223","분당선","1호선","1512","1005","10","20","0","424","49","4","0","0"
"20240223","분당선","2호선","41515","35028","608","1038","0","4173","629","39","0","0"
"20240223","분당선","3호선","14811","11049","274","392","0","2758","315","23","0","0"
"20240223","분당선","4호선","6358","5185","85","129","0","835","117","7","0","0"
"20240223","분당선","5호선","12453","10130","179","219","0","1672","234","19","0","0"
"20240223","분당선","6호선","3283","2731","37","97","0","356","57","5","0","0"
"20240223","분당선","7호선","18276","15059","221","418","0","2219","347","12","0","0"
"20240223","분당선","7호선(인천)","23","23","0","0","0","0","0","0","0","0"
"20240223","분당선","8호선","26561","20999","374","518","0","3938","700","32","0","0"
"20240223","분당선","9호선","9878","8573","144","256","0","762","131","12","0","0"
"20240223","분당선","9호선(연장)","5100","4013","101","129","0","747","74","36","0","0"
"20240223","분당선","경강선","115","110","1","4","0","0","0","0","0","0"
"20240223","분당선","경부선","515","505","6","4","0","0","0","0","0","0"
"20240223","분당선","경원선","1599","1509","25","65","0","0","0","0","0","0"
"20240223","분당선","경의중앙선","166","163","1","2","0","0","0","0","0","0"
"20240223","분당선","경인선","92","91","0","1","0","0","0","0","0","0"
"20240223","분당선","경춘선","24","24","0","0","0","0","0","0","0","0"
"20240223","분당선","공항철도1호선","43","42","0","1","0","0","0","0","0","0"
"20240223","분당선","과천선","71","69","0","2","0","0","0","0","0","0"
"20240223","분당선","김포골드라인","11","11","0","0","0","0","0","0","0","0"
"20240223","분당선","분당선","10975","10370","235","370","0","0","0","0","0","0"
"20240223","분당선","서해선","7","7","0","0","0","0","0","0","0","0"
"20240223","분당선","수인선","32","32","0","0","0","0","0","0","0","0"
"20240223","분당선","신림선","22","21","0","1","0","0","0","0","0","0"
"20240223","분당선","신분당선","485","475","6","4","0","0","0","0","0","0"
"20240223","분당선","신분당선(연장)","76","73","1","2","0","0","0","0","0","0"
"20240223","분당선","신분당선(연장2)","99","99","0","0","0","0","0","0","0","0"
"20240223","분당선","안산선","27","25","0","2","0","0","0","0","0","0"
"20240223","분당선","에버라인선","61","57","1","3","0","0","0","0","0","0"
"20240223","분당선","우이신설선","59","57","1","1","0","0","0","0","0","0"
"20240223","분당선","의정부선","2","2","0","0","0","0","0","0","0","0"
"20240223","분당선","인천1호선","8","8","0","0","0","0","0","0","0","0"
"20240223","분당선","인천2호선","9","9","0","0","0","0","0","0","0","0"
"20240223","분당선","일산선","38","35","0","3","0","0","0","0","0","0"
"20240223","분당선","중앙선","572","547","3","22","0","0","0","0","0","0"
"20240223","분당선","진접선","2","2","0","0","0","0","0","0","0","0"
"20240223","서해선","1호선","1254","977","10","20","0","204","41","2","0","0"
"20240223","서해선","2호선","3075","2458","66","105","0","373","68","5","0","0"
"20240223","서해선","3호선","953","763","12","21","0","130","25","2","0","0"
"20240223","서해선","4호선","663","519","12","21","0","88","22","1","0","0"
"20240223","서해선","5호선","1701","1391","22","37","0","199","50","2","0","0"
"20240223","서해선","6호선","472","393","8","18","0","44","9","0","0","0"
"20240223","서해선","7호선","3183","2669","33","57","0","355","63","6","0","0"
"20240223","서해선","7호선(인천)","65","62","1","2","0","0","0","0","0","0"
"20240223","서해선","8호선","86","68","1","0","0","16","1","0","0","0"
"20240223","서해선","9호선","1609","1375","10","19","0","170","34","1","0","0"
"20240223","서해선","9호선(연장)","260","220","3","7","0","25","4","1","0","0"
"20240223","서해선","경부선","345","333","7","5","0","0","0","0","0","0"
"20240223","서해선","경원선","20","19","0","1","0","0","0","0","0","0"
"20240223","서해선","경의중앙선","99","93","1","5","0","0","0","0","0","0"
"20240223","서해선","경인선","171","161","1","9","0","0","0","0","0","0"
"20240223","서해선","공항철도1호선","100","98","1","1","0","0","0","0","0","0"
"20240223","서해선","과천선","35","35","0","0","0","0","0","0","0","0"
"20240223","서해선","김포골드라인","36","30","2","4","0","0","0","0","0","0"
"20240223","서해선","분당선","7","7","0","0","0","0","0","0","0","0"
"20240223","서해선","서해선","202","181","7","14","0","0","0","0","0","0"
"20240223","서해선","수인선","3","2","0","1","0","0","0","0","0","0"
"20240223","서해선","신림선","4","2","0","2","0","0","0","0","0","0"
"20240223","서해선","신분당선","4","4","0","0","0","0","0","0","0","0"
"20240223","서해선","신분당선(연장2)","2","2","0","0","0","0","0","0","0","0"
"20240223","서해선","안산선","17","17","0","0","0","0","0","0","0","0"
"20240223","서해선","우이신설선","1","1","0","0","0","0","0","0","0","0"
"20240223","서해선","인천1호선","7","7","0","0","0","0","0","0","0","0"
"20240223","서해선","인천2호선","1","1","0","0","0","0","0","0","0","0"
"20240223","서해선","일산선","116","112","0","4","0","0","0","0","0","0"
"20240223","서해선","장항선","1","1","0","0","0","0","0","0","0","0"
"20240223","서해선","중앙선","11","10","0","1","0","0","0","0","0","0"
"20240223","수인선","1호선","342","247","3","4","0","74","12","2","0","0"
"20240223","수인선","2호선","1000","780","28","43","0","125","24","0","0","0"
"20240223","수인선","3호선","242","184","6","9","0","38","5","0","0","0"
"20240223","수인선","4호선","423","296","18","15","0","85","8","1","0","0"
"20240223","수인선","5호선","320","231","4","9","0","63","12","1","0","0"
"20240223","수인선","6호선","151","118","4","5","0","21","3","0","0","0"
"20240223","수인선","7호선","486","395","4","12","0","61","14","0","0","0"
"20240223","수인선","7호선(인천)","2","2","0","0","0","0","0","0","0","0"
"20240223","수인선","8호선","232","180","0","10","0","37","5","0","0","0"
"20240223","수인선","9호선","198","156","5","7","0","26","4","0","0","0"
"20240223","수인선","9호선(연장)","90","73","4","1","0","9","2","1","0","0"
"20240223","수인선","경부선","128","121","1","6","0","0","0","0","0","0"
"20240223","수인선","경원선","14","9","2","3","0","0","0","0","0","0"
"20240223","수인선","경의중앙선","2","2","0","0","0","0","0","0","0","0"
"20240223","수인선","경인선","41","27","10","4","0","0","0","0","0","0"
"20240223","수인선","공항철도1호선","11","10","0","1","0","0","0","0","0","0"
"20240223","수인선","과천선","31","31","0","0","0","0","0","0","0","0"
"20240223","수인선","분당선","27","25","0","2","0","0","0","0","0","0"
"20240223","수인선","수인선","23","21","0","2","0","0","0","0","0","0"
"20240223","수인선","신림선","2","2","0","0","0","0","0","0","0","0"
"20240223","수인선","신분당선","6","6","0","0","0","0","0","0","0","0"
"20240223","수인선","안산선","10","9","0","1","0","0","0","0","0","0"
"20240223","수인선","인천1호선","7","7","0","0","0","0","0","0","0","0"
"20240223","수인선","인천2호선","1","1","0","0","0","0","0","0","0","0"
"20240223","수인선","일산선","2","2","0","0","0","0","0","0","0","0"
"20240223","수인선","중앙선","5","5","0","0","0","0","0","0","0","0"
"20240223","신림선","1호선","2558","2072","18","36","0","369","57","5","0","1"
"20240223","신림선","2호선","11224","8218","178","247","0","2184","372","14","0","11"
"20240223","신림선","3호선","1588","1263","16","37","0","237","33","2","0","0"
"20240223","신림선","4호선","1209","938","17","16","0","195","43","0","0","0"
"20240223","신림선","5호선","1304","1007","22","29","0","200","44","1","0","1"
"20240223","신림선","6호선","609","501","3","18","0","68","18","0","0","1"
"20240223","신림선","7호선","5433","3833","52","102","0","1205","219","14","0","8"
"20240223","신림선","7호선(인천)","66","65","1","0","0","0","0","0","0","0"
"20240223","신림선","8호선","296","246","0","9","0","34","7","0","0","0"
"20240223","신림선","9호선","2338","1815","24","34","0","374","87","3","0","1"
"20240223","신림선","9호선(연장)","387","314","5","5","0","54","7","2","0","0"
"20240223","신림선","경부선","280","264","7","9","0","0","0","0","0","0"
"20240223","신림선","경원선","73","67","1","5","0","0","0","0","0","0"
"20240223","신림선","경의중앙선","9","8","0","1","0","0","0","0","0","0"
"20240223","신림선","경인선","118","113","5","0","0","0","0","0","0","0"
"20240223","신림선","공항철도1호선","14","14","0","0","0","0","0","0","0","0"
"20240223","신림선","과천선","26","23","1","2","0","0","0","0","0","0"
"20240223","신림선","분당선","31","31","0","0","0","0","0","0","0","0"
"20240223","신림선","서해선","3","3","0","0","0","0","0","0","0","0"
"20240223","신림선","수인선","2","2","0","0","0","0","0","0","0","0"
"20240223","신림선","신림선","3757","3599","68","79","0","10","1","0","0","0"
"20240223","신림선","신분당선","11","11","0","0","0","0","0","0","0","0"
"20240223","신림선","신분당선(연장2)","1","1","0","0","0","0","0","0","0","0"
"20240223","신림선","안산선","4","4","0","0","0","0","0","0","0","0"
"20240223","신림선","우이신설선","19","19","0","0","0","0","0","0","0","0"
"20240223","신림선","의정부선","4","4","0","0","0","0","0","0","0","0"
"20240223","신림선","인천1호선","10","10","0","0","0","0","0","0","0","0"
"20240223","신림선","인천2호선","8","8","0","0","0","0","0","0","0","0"
"20240223","신림선","일산선","4","4","0","0","0","0","0","0","0","0"
"20240223","신림선","장항선","2","1","0","1","0","0","0","0","0","0"
"20240223","신림선","중앙선","45","44","1","0","0","0","0","0","0","0"
"20240223","신분당선","1호선","367","239","3","4","0","105","15","1","0","0"
"20240223","신분당선","2호선","11720","9934","82","166","0","1310","211","17","0","0"
"20240223","신분당선","3호선","6440","4932","108","157","0","1087","146","10","0","0"
"20240223","신분당선","4호선","2061","1681","30","37","0","265","45","3","0","0"
"20240223","신분당선","5호선","2172","1793","9","21","0","285","64","0","0","0"
"20240223","신분당선","6호선","1292","1089","11","17","0","142","33","0","0","0"
"20240223","신분당선","7호선","8538","7277","64","139","0","885","158","15","0","0"
"20240223","신분당선","7호선(인천)","18","17","1","0","0","0","0","0","0","0"
"20240223","신분당선","8호선","638","468","9","14","0","126","20","1","0","0"
"20240223","신분당선","9호선","4007","3499","27","45","0","373","54","9","0","0"
"20240223","신분당선","9호선(연장)","1818","1493","22","33","0","227","35","8","0","0"
"20240223","신분당선","경강선","123","117","2","4","0","0","0","0","0","0"
"20240223","신분당선","경부선","31","29","1","1","0","0","0","0","0","0"
"20240223","신분당선","경원선","41","38","0","3","0","0","0","0","0","0"
"20240223","신분당선","경의중앙선","9","9","0","0","0","0","0","0","0","0"
"20240223","신분당선","경인선","42","41","0","1","0","0","0","0","0","0"
"20240223","신분당선","경춘선","7","7","0","0","0","0","0","0","0","0"
"20240223","신분당선","공항철도1호선","11","11","0","0","0","0","0","0","0","0"
"20240223","신분당선","과천선","2","2","0","0","0","0","0","0","0","0"
"20240223","신분당선","김포골드라인","8","8","0","0","0","0","0","0","0","0"
"20240223","신분당선","분당선","395","385","3","7","0","0","0","0","0","0"
"20240223","신분당선","서해선","1","1","0","0","0","0","0","0","0","0"
"20240223","신분당선","수인선","3","3","0","0","0","0","0","0","0","0"
"20240223","신분당선","신림선","11","11","0","0","0","0","0","0","0","0"
"20240223","신분당선","신분당선","1490","1438","15","28","0","9","0","0","0","0"
"20240223","신분당선","신분당선(연장)","846","821","12","13","0","0","0","0","0","0"
"20240223","신분당선","신분당선(연장2)","525","500","8","17","0","0","0","0","0","0"
"20240223","신분당선","안산선","3","3","0","0","0","0","0","0","0","0"
"20240223","신분당선","에버라인선","12","11","0","1","0","0","0","0","0","0"
"20240223","신분당선","우이신설선","10","10","0","0","0","0","0","0","0","0"
"20240223","신분당선","의정부선","2","2","0","0","0","0","0","0","0","0"
"20240223","신분당선","인천1호선","4","4","0","0","0","0","0","0","0","0"
"20240223","신분당선","인천2호선","3","3","0","0","0","0","0","0","0","0"
"20240223","신분당선","일산선","17","16","0","1","0","0","0","0","0","0"
"20240223","신분당선","중앙선","23","23","0","0","0","0","0","0","0","0"
"20240223","신분당선(연장)","1호선","481","272","1","4","0","189","14","1","0","0"
"20240223","신분당선(연장)","2호선","12209","10159","176","267","0","1421","173","13","0","0"
"20240223","신분당선(연장)","3호선","5557","4183","93","142","0","1055","72","12","0","0"
"20240223","신분당선(연장)","4호선","1765","1304","40","39","0","360","20","2","0","0"
"20240223","신분당선(연장)","5호선","1288","986","22","22","0","241","14","3","0","0"
"20240223","신분당선(연장)","6호선","916","727","13","44","0","115","16","1","0","0"
"20240223","신분당선(연장)","7호선","3894","3214","42","90","0","498","44","6","0","0"
"20240223","신분당선(연장)","7호선(인천)","1","1","0","0","0","0","0","0","0","0"
"20240223","신분당선(연장)","8호선","1140","892","15","14","0","194","23","2","0","0"
"20240223","신분당선(연장)","9호선","2733","2293","38","46","0","316","37","3","0","0"
"20240223","신분당선(연장)","9호선(연장)","1518","1260","20","34","0","174","19","11","0","0"
"20240223","신분당선(연장)","경부선","9","9","0","0","0","0","0","0","0","0"
"20240223","신분당선(연장)","경원선","16","15","0","1","0","0","0","0","0","0"
"20240223","신분당선(연장)","경의중앙선","2","2","0","0","0","0","0","0","0","0"
"20240223","신분당선(연장)","경인선","6","6","0","0","0","0","0","0","0","0"
"20240223","신분당선(연장)","공항철도1호선","3","3","0","0","0","0","0","0","0","0"
"20240223","신분당선(연장)","과천선","1","1","0","0","0","0","0","0","0","0"
"20240223","신분당선(연장)","김포골드라인","1","1","0","0","0","0","0","0","0","0"
"20240223","신분당선(연장)","분당선","99","98","1","0","0","0","0","0","0","0"
"20240223","신분당선(연장)","신림선","2","2","0","0","0","0","0","0","0","0"
"20240223","신분당선(연장)","신분당선","1325","1286","16","23","0","0","0","0","0","0"
"20240223","신분당선(연장)","신분당선(연장)","83","67","2","4","0","9","1","0","0","0"
"20240223","신분당선(연장)","신분당선(연장2)","565","554","4","7","0","0","0","0","0","0"
"20240223","신분당선(연장)","우이신설선","3","3","0","0","0","0","0","0","0","0"
"20240223","신분당선(연장)","일산선","5","4","1","0","0","0","0","0","0","0"
"20240223","신분당선(연장)","중앙선","20","18","1","1","0","0","0","0","0","0"
"20240223","신분당선(연장2)","1호선","102","66","0","1","0","33","2","0","0","0"
"20240223","신분당선(연장2)","2호선","2357","1900","28","79","0","303","46","1","0","0"
"20240223","신분당선(연장2)","3호선","2121","1674","41","64","0","300","41","1","0","0"
"20240223","신분당선(연장2)","4호선","664","545","5","16","0","88","10","0","0","0"
"20240223","신분당선(연장2)","5호선","537","435","10","14","0","66","12","0","0","0"
"20240223","신분당선(연장2)","6호선","425","351","11","14","0","43","6","0","0","0"
"20240223","신분당선(연장2)","7호선","3153","2648","48","91","0","300","64","2","0","0"
"20240223","신분당선(연장2)","7호선(인천)","2","2","0","0","0","0","0","0","0","0"
"20240223","신분당선(연장2)","8호선","107","80","4","1","0","18","4","0","0","0"
"20240223","신분당선(연장2)","9호선","227","184","6","5","0","29","3","0","0","0"
"20240223","신분당선(연장2)","9호선(연장)","669","555","13","11","0","82","7","1","0","0"
"20240223","신분당선(연장2)","경강선","50","46","0","4","0","0","0","0","0","0"
"20240223","신분당선(연장2)","경부선","4","4","0","0","0","0","0","0","0","0"
"20240223","신분당선(연장2)","경원선","2","2","0","0","0","0","0","0","0","0"
"20240223","신분당선(연장2)","경인선","1","1","0","0","0","0","0","0","0","0"
"20240223","신분당선(연장2)","경춘선","1","1","0","0","0","0","0","0","0","0"
"20240223","신분당선(연장2)","과천선","2","2","0","0","0","0","0","0","0","0"
"20240223","신분당선(연장2)","분당선","117","115","0","2","0","0","0","0","0","0"
"20240223","신분당선(연장2)","신림선","4","4","0","0","0","0","0","0","0","0"
"20240223","신분당선(연장2)","신분당선","577","557","5","15","0","0","0","0","0","0"
"20240223","신분당선(연장2)","신분당선(연장)","619","604","2","13","0","0","0","0","0","0"
"20240223","신분당선(연장2)","신분당선(연장2)","96","89","1","2","0","4","0","0","0","0"
"20240223","신분당선(연장2)","에버라인선","5","5","0","0","0","0","0","0","0","0"
"20240223","신분당선(연장2)","우이신설선","2","2","0","0","0","0","0","0","0","0"
"20240223","신분당선(연장2)","인천1호선","1","1","0","0","0","0","0","0","0","0"
"20240223","신분당선(연장2)","일산선","13","12","1","0","0","0","0","0","0","0"
"20240223","신분당선(연장2)","중앙선","7","6","0","1","0","0","0","0","0","0"
"20240223","안산선","1호선","1781","1363","15","28","0","305","65","5","0","0"
"20240223","안산선","2호선","10193","8552","191","355","0","922","168","5","0","0"
"20240223","안산선","3호선","2213","1774","47","71","0","284","33","4","0","0"
"20240223","안산선","4호선","7039","5708","105","213","0","844","158","11","0","0"
"20240223","안산선","5호선","1336","1063","26","37","0","177","30","3","0","0"
"20240223","안산선","6호선","1470","1218","24","82","0","125","21","0","0","0"
"20240223","안산선","7호선","4012","3439","44","82","0","369","74","4","0","0"
"20240223","안산선","7호선(인천)","5","5","0","0","0","0","0","0","0","0"
"20240223","안산선","8호선","293","233","3","12","0","39","6","0","0","0"
"20240223","안산선","9호선","1553","1341","21","42","0","123","24","2","0","0"
"20240223","안산선","9호선(연장)","690","583","9","25","0","54","8","11","0","0"
"20240223","안산선","경부선","994","966","7","21","0","0","0","0","0","0"
"20240223","안산선","경원선","33","33","0","0","0","0","0","0","0","0"
"20240223","안산선","경의중앙선","15","15","0","0","0","0","0","0","0","0"
"20240223","안산선","경인선","33","32","1","0","0","0","0","0","0","0"
"20240223","안산선","공항철도1호선","7","7","0","0","0","0","0","0","0","0"
"20240223","안산선","과천선","582","562","6","14","0","0","0","0","0","0"
"20240223","안산선","김포골드라인","1","1","0","0","0","0","0","0","0","0"
"20240223","안산선","분당선","23","20","0","3","0","0","0","0","0","0"
"20240223","안산선","서해선","27","26","1","0","0","0","0","0","0","0"
"20240223","안산선","수인선","12","11","0","1","0","0","0","0","0","0"
"20240223","안산선","신림선","1","1","0","0","0","0","0","0","0","0"
"20240223","안산선","신분당선","6","6","0","0","0","0","0","0","0","0"
"20240223","안산선","안산선","223","211","5","7","0","0","0","0","0","0"
"20240223","안산선","우이신설선","5","5","0","0","0","0","0","0","0","0"
"20240223","안산선","인천1호선","2","2","0","0","0","0","0","0","0","0"
"20240223","안산선","일산선","12","12","0","0","0","0","0","0","0","0"
"20240223","안산선","중앙선","32","27","0","5","0","0","0","0","0","0"
"20240223","에버라인선","1호선","23","6","0","0","0","15","2","0","0","0"
"20240223","에버라인선","2호선","343","180","4","20","0","123","14","2","0","0"
"20240223","에버라인선","3호선","142","72","1","7","0","58","4","0","0","0"
"20240223","에버라인선","4호선","65","30","1","6","0","27","1","0","0","0"
"20240223","에버라인선","5호선","97","52","1","8","0","33","3","0","0","0"
"20240223","에버라인선","6호선","25","14","0","3","0","7","1","0","0","0"
"20240223","에버라인선","7호선","151","85","1","11","0","47","6","1","0","0"
"20240223","에버라인선","8호선","419","289","0","40","0","75","13","2","0","0"
"20240223","에버라인선","9호선","40","26","0","3","0","10","1","0","0","0"
"20240223","에버라인선","9호선(연장)","44","22","0","2","0","18","0","2","0","0"
"20240223","에버라인선","경부선","30","26","0","4","0","0","0","0","0","0"
"20240223","에버라인선","경원선","9","8","1","0","0","0","0","0","0","0"
"20240223","에버라인선","경의중앙선","1","0","0","1","0","0","0","0","0","0"
"20240223","에버라인선","경인선","1","1","0","0","0","0","0","0","0","0"
"20240223","에버라인선","과천선","2","1","0","1","0","0","0","0","0","0"
"20240223","에버라인선","분당선","64","59","0","5","0","0","0","0","0","0"
"20240223","에버라인선","신분당선","19","18","0","1","0","0","0","0","0","0"
"20240223","에버라인선","에버라인선","257","228","8","21","0","0","0","0","0","0"
"20240223","에버라인선","중앙선","2","1","1","0","0","0","0","0","0","0"
"20240223","우이신설선","1호선","4134","2637","30","74","0","1207","180","6","0","0"
"20240223","우이신설선","2호선","5446","4446","72","149","0","638","132","8","0","1"
"20240223","우이신설선","3호선","2027","1561","21","50","0","342","51","2","0","0"
"20240223","우이신설선","4호선","5990","3597","95","139","0","1892","258","7","0","2"
"20240223","우이신설선","5호선","1598","1213","19","36","0","278","49","2","0","1"
"20240223","우이신설선","6호선","4990","3732","83","147","0","868","150","10","0","0"
"20240223","우이신설선","7호선","903","636","13","18","0","193","42","0","0","1"
"20240223","우이신설선","7호선(인천)","6","6","0","0","0","0","0","0","0","0"
"20240223","우이신설선","8호선","311","240","6","10","0","43","11","1","0","0"
"20240223","우이신설선","9호선","418","332","4","4","0","65","13","0","0","0"
"20240223","우이신설선","9호선(연장)","114","92","1","1","0","19","1","0","0","0"
"20240223","우이신설선","경강선","2","1","0","1","0","0","0","0","0","0"
"20240223","우이신설선","경부선","221","207","4","10","0","0","0","0","0","0"
"20240223","우이신설선","경원선","69","65","2","2","0","0","0","0","0","0"
"20240223","우이신설선","경의중앙선","8","8","0","0","0","0","0","0","0","0"
"20240223","우이신설선","경인선","36","32","1","3","0","0","0","0","0","0"
"20240223","우이신설선","경춘선","15","12","0","3","0","0","0","0","0","0"
"20240223","우이신설선","공항철도1호선","25","24","0","1","0","0","0","0","0","0"
"20240223","우이신설선","과천선","20","17","1","2","0","0","0","0","0","0"
"20240223","우이신설선","분당선","69","68","1","0","0","0","0","0","0","0"
"20240223","우이신설선","수인선","2","2","0","0","0","0","0","0","0","0"
"20240223","우이신설선","신림선","15","15","0","0","0","0","0","0","0","0"
"20240223","우이신설선","신분당선","14","14","0","0","0","0","0","0","0","0"
"20240223","우이신설선","신분당선(연장)","3","3","0","0","0","0","0","0","0","0"
"20240223","우이신설선","신분당선(연장2)","8","6","1","1","0","0","0","0","0","0"
"20240223","우이신설선","안산선","7","7","0","0","0","0","0","0","0","0"
"20240223","우이신설선","우이신설선","3264","3053","94","105","0","10","2","0","0","0"
"20240223","우이신설선","인천1호선","8","7","1","0","0","0","0","0","0","0"
"20240223","우이신설선","인천2호선","2","1","0","1","0","0","0","0","0","0"
"20240223","우이신설선","일산선","4","4","0","0","0","0","0","0","0","0"
"20240223","우이신설선","장항선","1","0","0","1","0","0","0","0","0","0"
"20240223","우이신설선","중앙선","107","106","1","0","0","0","0","0","0","0"
"20240223","우이신설선","진접선","5","5","0","0","0","0","0","0","0","0"
"20240223","의정부선","1호선","910","783","16","24","0","71","16","0","0","0"
"20240223","의정부선","2호선","553","466","10","34","0","34","9","0","0","0"
"20240223","의정부선","3호선","262","226","5","11","0","18","2","0","0","0"
"20240223","의정부선","4호선","1189","991","32","48","0","99","17","2","0","0"
"20240223","의정부선","5호선","240","199","7","5","0","23","6","0","0","0"
"20240223","의정부선","6호선","285","245","11","10","0","14","5","0","0","0"
"20240223","의정부선","7호선","807","668","24","26","0","72","16","1","0","0"
"20240223","의정부선","8호선","41","33","2","1","0","5","0","0","0","0"
"20240223","의정부선","9호선","65","57","1","1","0","4","2","0","0","0"
"20240223","의정부선","9호선(연장)","11","7","1","1","0","2","0","0","0","0"
"20240223","의정부선","경부선","23","22","0","1","0","0","0","0","0","0"
"20240223","의정부선","경원선","96","90","3","3","0","0","0","0","0","0"
"20240223","의정부선","경의중앙선","1","1","0","0","0","0","0","0","0","0"
"20240223","의정부선","경인선","6","5","0","1","0","0","0","0","0","0"
"20240223","의정부선","경춘선","1","1","0","0","0","0","0","0","0","0"
"20240223","의정부선","공항철도1호선","1","1","0","0","0","0","0","0","0","0"
"20240223","의정부선","과천선","1","1","0","0","0","0","0","0","0","0"
"20240223","의정부선","분당선","4","3","0","1","0","0","0","0","0","0"
"20240223","의정부선","신분당선","1","1","0","0","0","0","0","0","0","0"
"20240223","의정부선","우이신설선","1","1","0","0","0","0","0","0","0","0"
"20240223","의정부선","의정부선","166","148","7","11","0","0","0","0","0","0"
"20240223","의정부선","일산선","1","1","0","0","0","0","0","0","0","0"
"20240223","의정부선","중앙선","38","38","0","0","0","0","0","0","0","0"
"20240223","인천1호선","1호선","1975","1501","28","45","0","339","56","6","0","0"
"20240223","인천1호선","2호선","5816","4950","87","197","0","484","84","4","0","10"
"20240223","인천1호선","3호선","1118","884","20","37","0","152","22","2","0","1"
"20240223","인천1호선","4호선","1296","1037","26","36","0","154","41","2","0","0"
"20240223","인천1호선","5호선","3235","2706","37","69","0","347","72","3","0","1"
"20240223","인천1호선","6호선","1589","1360","14","46","0","141","27","1","0","0"
"20240223","인천1호선","7호선","5303","4609","48","89","0","456","86","8","0","7"
"20240223","인천1호선","7호선(인천)","56","55","0","1","0","0","0","0","0","0"
"20240223","인천1호선","8호선","151","122","2","4","0","20","2","1","0","0"
"20240223","인천1호선","9호선","3327","2848","30","82","0","280","82","4","0","1"
"20240223","인천1호선","9호선(연장)","549","456","16","23","0","40","10","4","0","0"
"20240223","인천1호선","경부선","537","525","5","7","0","0","0","0","0","0"
"20240223","인천1호선","경원선","31","30","0","1","0","0","0","0","0","0"
"20240223","인천1호선","경의중앙선","18","18","0","0","0","0","0","0","0","0"
"20240223","인천1호선","경인선","299","281","2","16","0","0","0","0","0","0"
"20240223","인천1호선","공항철도1호선","366","356","0","10","0","0","0","0","0","0"
"20240223","인천1호선","과천선","8","8","0","0","0","0","0","0","0","0"
"20240223","인천1호선","김포골드라인","2","2","0","0","0","0","0","0","0","0"
"20240223","인천1호선","분당선","10","10","0","0","0","0","0","0","0","0"
"20240223","인천1호선","서해선","14","13","0","1","0","0","0","0","0","0"
"20240223","인천1호선","수인선","11","11","0","0","0","0","0","0","0","0"
"20240223","인천1호선","신림선","13","12","0","1","0","0","0","0","0","0"
"20240223","인천1호선","신분당선","1","1","0","0","0","0","0","0","0","0"
"20240223","인천1호선","안산선","1","1","0","0","0","0","0","0","0","0"
"20240223","인천1호선","에버라인선","1","1","0","0","0","0","0","0","0","0"
"20240223","인천1호선","우이신설선","7","7","0","0","0","0","0","0","0","0"
"20240223","인천1호선","인천1호선","299","272","3","10","0","12","1","1","0","0"
"20240223","인천1호선","일산선","17","15","1","1","0","0","0","0","0","0"
"20240223","인천1호선","중앙선","23","18","2","3","0","0","0","0","0","0"
"20240223","인천2호선","1호선","1271","960","18","16","0","251","22","3","0","1"
"20240223","인천2호선","2호선","4148","3405","113","171","0","378","74","6","0","1"
"20240223","인천2호선","3호선","947","771","19","28","0","109","19","1","0","0"
"20240223","인천2호선","4호선","1191","953","25","33","0","148","30","0","0","2"
"20240223","인천2호선","5호선","2661","2255","38","57","0","264","42","5","0","0"
"20240223","인천2호선","6호선","1126","956","10","35","0","106","18","1","0","0"
"20240223","인천2호선","7호선","3417","2987","26","53","0","289","54","5","0","3"
"20240223","인천2호선","7호선(인천)","24","23","0","1","0","0","0","0","0","0"
"20240223","인천2호선","8호선","154","129","1","2","0","18","4","0","0","0"
"20240223","인천2호선","9호선","3036","2642","49","78","0","201","63","3","0","0"
"20240223","인천2호선","9호선(연장)","507","446","7","12","0","39","1","2","0","0"
"20240223","인천2호선","경부선","223","212","2","9","0","0","0","0","0","0"
"20240223","인천2호선","경원선","12","11","0","1","0","0","0","0","0","0"
"20240223","인천2호선","경의중앙선","11","10","1","0","0","0","0","0","0","0"
"20240223","인천2호선","경인선","92","89","3","0","0","0","0","0","0","0"
"20240223","인천2호선","공항철도1호선","323","309","2","12","0","0","0","0","0","0"
"20240223","인천2호선","과천선","9","9","0","0","0","0","0","0","0","0"
"20240223","인천2호선","분당선","13","13","0","0","0","0","0","0","0","0"
"20240223","인천2호선","신림선","10","10","0","0","0","0","0","0","0","0"
"20240223","인천2호선","신분당선","5","5","0","0","0","0","0","0","0","0"
"20240223","인천2호선","우이신설선","3","3","0","0","0","0","0","0","0","0"
"20240223","인천2호선","인천1호선","6","6","0","0","0","0","0","0","0","0"
"20240223","인천2호선","인천2호선","64","56","1","6","0","1","0","0","0","0"
"20240223","인천2호선","일산선","6","6","0","0","0","0","0","0","0","0"
"20240223","인천2호선","중앙선","18","15","2","1","0","0","0","0","0","0"
"20240223","일산선","1호선","4352","3090","17","53","0","1035","147","10","0","0"
"20240223","일산선","2호선","10172","8667","129","223","0","974","159","20","0","0"
"20240223","일산선","3호선","31962","25125","526","687","0","4906","668","50","0","0"
"20240223","일산선","4호선","5333","4290","83","102","0","751","101","6","0","0"
"20240223","일산선","5호선","4303","3483","39","78","0","604","90","9","0","0"
"20240223","일산선","6호선","4795","3669","63","133","0","797","124","9","0","0"
"20240223","일산선","7호선","1935","1579","12","43","0","259","40","2","0","0"
"20240223","일산선","7호선(인천)","29","28","0","1","0","0","0","0","0","0"
"20240223","일산선","8호선","431","334","2","5","0","72","16","2","0","0"
"20240223","일산선","9호선","1260","1004","14","16","0","195","29","2","0","0"
"20240223","일산선","9호선(연장)","671","565","7","8","0","75","8","8","0","0"
"20240223","일산선","경강선","1","1","0","0","0","0","0","0","0","0"
"20240223","일산선","경부선","105","103","1","1","0","0","0","0","0","0"
"20240223","일산선","경원선","73","68","3","2","0","0","0","0","0","0"
"20240223","일산선","경의중앙선","388","370","3","15","0","0","0","0","0","0"
"20240223","일산선","경인선","70","69","0","1","0","0","0","0","0","0"
"20240223","일산선","공항철도1호선","18","18","0","0","0","0","0","0","0","0"
"20240223","일산선","과천선","12","10","1","1","0","0","0","0","0","0"
"20240223","일산선","김포골드라인","8","8","0","0","0","0","0","0","0","0"
"20240223","일산선","분당선","32","29","0","3","0","0","0","0","0","0"
"20240223","일산선","서해선","109","102","3","4","0","0","0","0","0","0"
"20240223","일산선","수인선","2","1","0","1","0","0","0","0","0","0"
"20240223","일산선","신림선","6","6","0","0","0","0","0","0","0","0"
"20240223","일산선","신분당선","30","28","0","2","0","0","0","0","0","0"
"20240223","일산선","신분당선(연장)","6","5","0","1","0","0","0","0","0","0"
"20240223","일산선","신분당선(연장2)","7","6","0","1","0","0","0","0","0","0"
"20240223","일산선","안산선","14","13","0","1","0","0","0","0","0","0"
"20240223","일산선","에버라인선","1","1","0","0","0","0","0","0","0","0"
"20240223","일산선","우이신설선","6","6","0","0","0","0","0","0","0","0"
"20240223","일산선","인천1호선","13","12","0","1","0","0","0","0","0","0"
"20240223","일산선","인천2호선","4","4","0","0","0","0","0","0","0","0"
"20240223","일산선","일산선","1108","1027","35","46","0","0","0","0","0","0"
"20240223","일산선","중앙선","77","74","3","0","0","0","0","0","0","0"
"20240223","장항선","1호선","127","64","2","4","0","54","3","0","0","0"
"20240223","장항선","2호선","316","193","11","38","0","64","8","2","0","0"
"20240223","장항선","3호선","50","27","0","2","0","18","3","0","0","0"
"20240223","장항선","4호선","106","57","5","5","0","35","3","1","0","0"
"20240223","장항선","5호선","115","54","4","8","0","44","4","1","0","0"
"20240223","장항선","6호선","60","30","5","3","0","21","1","0","0","0"
"20240223","장항선","7호선","133","76","2","12","0","40","3","0","0","0"
"20240223","장항선","8호선","22","18","0","1","0","3","0","0","0","0"
"20240223","장항선","9호선","42","27","0","2","0","6","6","1","0","0"
"20240223","장항선","9호선(연장)","15","8","0","0","0","7","0","0","0","0"
"20240223","장항선","경부선","74","59","2","13","0","0","0","0","0","0"
"20240223","장항선","경원선","2","1","0","1","0","0","0","0","0","0"
"20240223","장항선","경의중앙선","1","1","0","0","0","0","0","0","0","0"
"20240223","장항선","경인선","4","4","0","0","0","0","0","0","0","0"
"20240223","장항선","과천선","4","4","0","0","0","0","0","0","0","0"
"20240223","장항선","분당선","2","2","0","0","0","0","0","0","0","0"
"20240223","장항선","신분당선","1","1","0","0","0","0","0","0","0","0"
"20240223","장항선","우이신설선","1","1","0","0","0","0","0","0","0","0"
"20240223","장항선","장항선","7","6","0","1","0","0","0","0","0","0"
"20240223","장항선","중앙선","1","1","0","0","0","0","0","0","0","0"
"20240223","중앙선","1호선","8803","6075","81","157","0","2158","318","14","0","0"
"20240223","중앙선","2호선","13128","10878","185","417","0","1363","269","16","0","0"
"20240223","중앙선","3호선","6218","5025","77","182","0","796","132","6","0","0"
"20240223","중앙선","4호선","4514","3484","76","117","0","701","130","6","0","0"
"20240223","중앙선","5호선","3677","2827","48","78","0","613","105","6","0","0"
"20240223","중앙선","6호선","2498","1887","48","72","0","415","72","4","0","0"
"20240223","중앙선","7호선","6748","4759","110","172","0","1486","213","8","0","0"
"20240223","중앙선","7호선(인천)","6","6","0","0","0","0","0","0","0","0"
"20240223","중앙선","8호선","611","470","8","13","0","95","24","1","0","0"
"20240223","중앙선","9호선","1245","1035","8","44","0","133","23","2","0","0"
"20240223","중앙선","9호선(연장)","483","393","1","6","0","71","10","2","0","0"
"20240223","중앙선","경강선","5","5","0","0","0","0","0","0","0","0"
"20240223","중앙선","경부선","868","830","8","30","0","0","0","0","0","0"
"20240223","중앙선","경원선","1534","1444","33","57","0","0","0","0","0","0"
"20240223","중앙선","경의중앙선","366","346","4","16","0","0","0","0","0","0"
"20240223","중앙선","경인선","171","158","0","13","0","0","0","0","0","0"
"20240223","중앙선","경춘선","314","300","5","9","0","0","0","0","0","0"
"20240223","중앙선","공항철도1호선","90","76","4","10","0","0","0","0","0","0"
"20240223","중앙선","과천선","78","75","2","1","0","0","0","0","0","0"
"20240223","중앙선","김포골드라인","2","2","0","0","0","0","0","0","0","0"
"20240223","중앙선","분당선","625","604","7","14","0","0","0","0","0","0"
"20240223","중앙선","서해선","9","8","1","0","0","0","0","0","0","0"
"20240223","중앙선","수인선","8","5","1","2","0","0","0","0","0","0"
"20240223","중앙선","신림선","38","37","0","1","0","0","0","0","0","0"
"20240223","중앙선","신분당선","23","22","0","1","0","0","0","0","0","0"
"20240223","중앙선","신분당선(연장)","13","11","0","2","0","0","0","0","0","0"
"20240223","중앙선","안산선","23","22","0","1","0","0","0","0","0","0"
"20240223","중앙선","에버라인선","2","1","1","0","0","0","0","0","0","0"
"20240223","중앙선","우이신설선","87","77","5","5","0","0","0","0","0","0"
"20240223","중앙선","의정부선","23","23","0","0","0","0","0","0","0","0"
"20240223","중앙선","인천1호선","17","15","1","1","0","0","0","0","0","0"
"20240223","중앙선","인천2호선","3","3","0","0","0","0","0","0","0","0"
"20240223","중앙선","일산선","28","27","1","0","0","0","0","0","0","0"
"20240223","중앙선","중앙선","1235","1144","24","67","0","0","0","0","0","0"
"20240223","중앙선","진접선","11","9","2","0","0","0","0","0","0","0"
"20240223","진접선","1호선","813","574","19","12","0","180","23","5","0","0"
"20240223","진접선","2호선","1821","1512","37","84","0","150","37","1","0","0"
"20240223","진접선","3호선","948","750","35","49","0","94","20","0","0","0"
"20240223","진접선","4호선","9089","6944","304","462","0","1174","188","17","0","0"
"20240223","진접선","5호선","641","519","17","22","0","71","12","0","0","0"
"20240223","진접선","6호선","280","215","9","10","0","35","11","0","0","0"
"20240223","진접선","7호선","270","188","3","6","0","64","8","1","0","0"
"20240223","진접선","8호선","26","23","0","0","0","3","0","0","0","0"
"20240223","진접선","9호선","166","127","3","11","0","19","6","0","0","0"
"20240223","진접선","9호선(연장)","34","25","4","1","0","4","0","0","0","0"
"20240223","진접선","경부선","8","8","0","0","0","0","0","0","0","0"
"20240223","진접선","경원선","23","22","0","1","0","0","0","0","0","0"
"20240223","진접선","경인선","1","1","0","0","0","0","0","0","0","0"
"20240223","진접선","공항철도1호선","11","10","1","0","0","0","0","0","0","0"
"20240223","진접선","과천선","5","5","0","0","0","0","0","0","0","0"
"20240223","진접선","분당선","6","6","0","0","0","0","0","0","0","0"
"20240223","진접선","신분당선","2","2","0","0","0","0","0","0","0","0"
"20240223","진접선","우이신설선","5","5","0","0","0","0","0","0","0","0"
"20240223","진접선","일산선","2","1","0","1","0","0","0","0","0","0"
"20240223","진접선","중앙선","20","17","1","2","0","0","0","0","0","0"
"20240223","진접선","진접선","86","70","2","6","0","7","1","0","0","0"
